year,competition,contest,site,finish_group,finish_order,school,team,team_type,award,source_url,source_id,notes
2026,RMUL,3V3对抗赛,安徽站,冠军,1,中国科学技术大学,RoboWalker,甲级,一等奖,https://www.robomaster.com/zh-CN/resource/pages/announcement/1913,rmul_2026_awards,official_current_season_university_league
2026,RMUL,3V3对抗赛,安徽站,亚军,2,合肥工业大学（宣城校区）,WDR,甲级,一等奖,https://www.robomaster.com/zh-CN/resource/pages/announcement/1913,rmul_2026_awards,official_current_season_university_league
2026,RMUL,3V3对抗赛,安徽站,季军,3,华中科技大学,狼牙,甲级,一等奖,https://www.robomaster.com/zh-CN/resource/pages/announcement/1913,rmul_2026_awards,official_current_season_university_league
2026,RMUL,3V3对抗赛,安徽站,殿军,4,中南大学,FYT,甲级,二等奖,https://www.robomaster.com/zh-CN/resource/pages/announcement/1913,rmul_2026_awards,official_current_season_university_league
2026,RMUL,3V3对抗赛,安徽站,八强,8,湖北第二师范学院,潜云DGE,非甲级,一等奖,https://www.robomaster.com/zh-CN/resource/pages/announcement/1913,rmul_2026_awards,official_current_season_university_league
2026,RMUL,3V3对抗赛,安徽站,八强,8,武汉科技大学,崇实,非甲级,一等奖,https://www.robomaster.com/zh-CN/resource/pages/announcement/1913,rmul_2026_awards,official_current_season_university_league
2026,RMUL,3V3对抗赛,安徽站,八强,8,南昌航空大学,洪鹰,非甲级,一等奖,https://www.robomaster.com/zh-CN/resource/pages/announcement/1913,rmul_2026_awards,official_current_season_university_league
2026,RMUL,3V3对抗赛,安徽站,八强,8,湖北工业大学,力创RM,非甲级,二等奖,https://www.robomaster.com/zh-CN/resource/pages/announcement/1913,rmul_2026_awards,official_current_season_university_league
2026,RMUL,3V3对抗赛,安徽站,十六强,16,江苏开放大学,开拓者,非甲级,二等奖,https://www.robomaster.com/zh-CN/resource/pages/announcement/1913,rmul_2026_awards,official_current_season_university_league
2026,RMUL,3V3对抗赛,安徽站,十六强,16,合肥工业大学,苍穹,甲级,二等奖,https://www.robomaster.com/zh-CN/resource/pages/announcement/1913,rmul_2026_awards,official_current_season_university_league
2026,RMUL,3V3对抗赛,安徽站,十六强,16,珠海科技学院,征途Uprising,非甲级,二等奖,https://www.robomaster.com/zh-CN/resource/pages/announcement/1913,rmul_2026_awards,official_current_season_university_league
2026,RMUL,3V3对抗赛,安徽站,十六强,16,福州大学,浮舟湿地,非甲级,二等奖,https://www.robomaster.com/zh-CN/resource/pages/announcement/1913,rmul_2026_awards,official_current_season_university_league
2026,RMUL,3V3对抗赛,安徽站,十六强,16,武汉华夏理工学院,京喜,非甲级,二等奖,https://www.robomaster.com/zh-CN/resource/pages/announcement/1913,rmul_2026_awards,official_current_season_university_league
2026,RMUL,3V3对抗赛,安徽站,十六强,16,安徽理工大学,鸿烈,非甲级,三等奖,https://www.robomaster.com/zh-CN/resource/pages/announcement/1913,rmul_2026_awards,official_current_season_university_league
2026,RMUL,3V3对抗赛,安徽站,十六强,16,常州大学,Climber,非甲级,三等奖,https://www.robomaster.com/zh-CN/resource/pages/announcement/1913,rmul_2026_awards,official_current_season_university_league
2026,RMUL,3V3对抗赛,安徽站,十六强,16,香港科技大学,ENTERPRIZE,甲级,二等奖,https://www.robomaster.com/zh-CN/resource/pages/announcement/1913,rmul_2026_awards,official_current_season_university_league
2026,RMUL,3V3对抗赛,安徽站,,,阳光学院,迹屿,非甲级,三等奖,https://www.robomaster.com/zh-CN/resource/pages/announcement/1913,rmul_2026_awards,official_current_season_university_league
2026,RMUL,3V3对抗赛,安徽站,,,南京航空航天大学（天目湖校区）,巡天御风,非甲级,三等奖,https://www.robomaster.com/zh-CN/resource/pages/announcement/1913,rmul_2026_awards,official_current_season_university_league
2026,RMUL,3V3对抗赛,安徽站,,,湖南农业大学,Together,非甲级,三等奖,https://www.robomaster.com/zh-CN/resource/pages/announcement/1913,rmul_2026_awards,official_current_season_university_league
2026,RMUL,3V3对抗赛,安徽站,,,安徽信息工程学院,Artisans,甲级,二等奖,https://www.robomaster.com/zh-CN/resource/pages/announcement/1913,rmul_2026_awards,official_current_season_university_league
2026,RMUL,3V3对抗赛,安徽站,,,武汉生物工程学院,lamb,非甲级,三等奖,https://www.robomaster.com/zh-CN/resource/pages/announcement/1913,rmul_2026_awards,official_current_season_university_league
2026,RMUL,3V3对抗赛,安徽站,,,广东以色列理工学院,工夫,非甲级,三等奖,https://www.robomaster.com/zh-CN/resource/pages/announcement/1913,rmul_2026_awards,official_current_season_university_league
2026,RMUL,3V3对抗赛,安徽站,,,安徽大学,Supremacy,非甲级,三等奖,https://www.robomaster.com/zh-CN/resource/pages/announcement/1913,rmul_2026_awards,official_current_season_university_league
2026,RMUL,3V3对抗赛,安徽站,,,湖北科技学院,机械之心,非甲级,三等奖,https://www.robomaster.com/zh-CN/resource/pages/announcement/1913,rmul_2026_awards,official_current_season_university_league
2026,RMUL,3V3对抗赛,安徽站,,,江西工程学院,天启,非甲级,三等奖,https://www.robomaster.com/zh-CN/resource/pages/announcement/1913,rmul_2026_awards,official_current_season_university_league
2026,RMUL,3V3对抗赛,安徽站,,,常州机电职业技术学院,棠海电龙,非甲级,三等奖,https://www.robomaster.com/zh-CN/resource/pages/announcement/1913,rmul_2026_awards,official_current_season_university_league
2026,RMUL,3V3对抗赛,华南站,冠军,1,东莞理工学院,ACE,甲级,一等奖,https://www.robomaster.com/zh-CN/resource/pages/announcement/1913,rmul_2026_awards,official_current_season_university_league
2026,RMUL,3V3对抗赛,华南站,亚军,2,广州城市理工学院,野狼,甲级,一等奖,https://www.robomaster.com/zh-CN/resource/pages/announcement/1913,rmul_2026_awards,official_current_season_university_league
2026,RMUL,3V3对抗赛,华南站,季军,3,华南农业大学,Taurus,甲级,一等奖,https://www.robomaster.com/zh-CN/resource/pages/announcement/1913,rmul_2026_awards,official_current_season_university_league
2026,RMUL,3V3对抗赛,华南站,殿军,4,广州航海学院,ICBK破冰船,非甲级,一等奖,https://www.robomaster.com/zh-CN/resource/pages/announcement/1913,rmul_2026_awards,official_current_season_university_league
2026,RMUL,3V3对抗赛,华南站,八强,8,五邑大学,IMCA,甲级,一等奖,https://www.robomaster.com/zh-CN/resource/pages/announcement/1913,rmul_2026_awards,official_current_season_university_league
2026,RMUL,3V3对抗赛,华南站,八强,8,佛山大学,醒狮,甲级,一等奖,https://www.robomaster.com/zh-CN/resource/pages/announcement/1913,rmul_2026_awards,official_current_season_university_league
2026,RMUL,3V3对抗赛,华南站,八强,8,广东轻工职业技术大学,Inventor,非甲级,一等奖,https://www.robomaster.com/zh-CN/resource/pages/announcement/1913,rmul_2026_awards,official_current_season_university_league
2026,RMUL,3V3对抗赛,华南站,八强,8,华南理工大学,华南虎,甲级,二等奖,https://www.robomaster.com/zh-CN/resource/pages/announcement/1913,rmul_2026_awards,official_current_season_university_league
2026,RMUL,3V3对抗赛,华南站,十六强,16,广东工业大学,DynamicX,甲级,二等奖,https://www.robomaster.com/zh-CN/resource/pages/announcement/1913,rmul_2026_awards,official_current_season_university_league
2026,RMUL,3V3对抗赛,华南站,十六强,16,电子科技大学中山学院,RoboBraver,甲级,二等奖,https://www.robomaster.com/zh-CN/resource/pages/announcement/1913,rmul_2026_awards,official_current_season_university_league
2026,RMUL,3V3对抗赛,华南站,十六强,16,哈尔滨工业大学（深圳）,南工骁鹰,甲级,二等奖,https://www.robomaster.com/zh-CN/resource/pages/announcement/1913,rmul_2026_awards,official_current_season_university_league
2026,RMUL,3V3对抗赛,华南站,十六强,16,深圳技术大学,悍匠,非甲级,二等奖,https://www.robomaster.com/zh-CN/resource/pages/announcement/1913,rmul_2026_awards,official_current_season_university_league
2026,RMUL,3V3对抗赛,华南站,十六强,16,南方科技大学,ARTINX,甲级,二等奖,https://www.robomaster.com/zh-CN/resource/pages/announcement/1913,rmul_2026_awards,official_current_season_university_league
2026,RMUL,3V3对抗赛,华南站,十六强,16,广东交通职业技术学院,擎天,非甲级,二等奖,https://www.robomaster.com/zh-CN/resource/pages/announcement/1913,rmul_2026_awards,official_current_season_university_league
2026,RMUL,3V3对抗赛,华南站,十六强,16,深圳信息职业技术大学,撼龙,非甲级,二等奖,https://www.robomaster.com/zh-CN/resource/pages/announcement/1913,rmul_2026_awards,official_current_season_university_league
2026,RMUL,3V3对抗赛,华南站,十六强,16,深圳大学,RobotPilots,甲级,二等奖,https://www.robomaster.com/zh-CN/resource/pages/announcement/1913,rmul_2026_awards,official_current_season_university_league
2026,RMUL,3V3对抗赛,华南站,,,北京理工大学（珠海）,毅恒,甲级,二等奖,https://www.robomaster.com/zh-CN/resource/pages/announcement/1913,rmul_2026_awards,official_current_season_university_league
2026,RMUL,3V3对抗赛,华南站,,,深圳职业技术大学,RCIA,甲级,二等奖,https://www.robomaster.com/zh-CN/resource/pages/announcement/1913,rmul_2026_awards,official_current_season_university_league
2026,RMUL,3V3对抗赛,华南站,,,广东海洋大学,浪潮,非甲级,三等奖,https://www.robomaster.com/zh-CN/resource/pages/announcement/1913,rmul_2026_awards,official_current_season_university_league
2026,RMUL,3V3对抗赛,华南站,,,惠州学院,District 46,非甲级,三等奖,https://www.robomaster.com/zh-CN/resource/pages/announcement/1913,rmul_2026_awards,official_current_season_university_league
2026,RMUL,3V3对抗赛,华南站,,,广州南方学院,南風,非甲级,三等奖,https://www.robomaster.com/zh-CN/resource/pages/announcement/1913,rmul_2026_awards,official_current_season_university_league
2026,RMUL,3V3对抗赛,华南站,,,华南师范大学,PIONEER,非甲级,三等奖,https://www.robomaster.com/zh-CN/resource/pages/announcement/1913,rmul_2026_awards,official_current_season_university_league
2026,RMUL,3V3对抗赛,华南站,,,广州大学,庆园阁,非甲级,三等奖,https://www.robomaster.com/zh-CN/resource/pages/announcement/1913,rmul_2026_awards,official_current_season_university_league
2026,RMUL,3V3对抗赛,华南站,,,海南大学,南海鲨,非甲级,三等奖,https://www.robomaster.com/zh-CN/resource/pages/announcement/1913,rmul_2026_awards,official_current_season_university_league
2026,RMUL,3V3对抗赛,山东站,冠军,1,中国石油大学（华东）,RPS,甲级,一等奖,https://www.robomaster.com/zh-CN/resource/pages/announcement/1913,rmul_2026_awards,official_current_season_university_league
2026,RMUL,3V3对抗赛,山东站,亚军,2,北京理工大学,追梦,甲级,一等奖,https://www.robomaster.com/zh-CN/resource/pages/announcement/1913,rmul_2026_awards,official_current_season_university_league
2026,RMUL,3V3对抗赛,山东站,季军,3,哈尔滨工业大学（威海）,HERO,甲级,一等奖,https://www.robomaster.com/zh-CN/resource/pages/announcement/1913,rmul_2026_awards,official_current_season_university_league
2026,RMUL,3V3对抗赛,山东站,殿军,4,河北科技大学,Actor&Thinker,非甲级,一等奖,https://www.robomaster.com/zh-CN/resource/pages/announcement/1913,rmul_2026_awards,official_current_season_university_league
2026,RMUL,3V3对抗赛,山东站,八强,8,石家庄铁道大学,铁道兵,非甲级,一等奖,https://www.robomaster.com/zh-CN/resource/pages/announcement/1913,rmul_2026_awards,official_current_season_university_league
2026,RMUL,3V3对抗赛,山东站,八强,8,太原理工大学,TRoMaC,甲级,一等奖,https://www.robomaster.com/zh-CN/resource/pages/announcement/1913,rmul_2026_awards,official_current_season_university_league
2026,RMUL,3V3对抗赛,山东站,八强,8,沈阳建筑大学,简锋,非甲级,一等奖,https://www.robomaster.com/zh-CN/resource/pages/announcement/1913,rmul_2026_awards,official_current_season_university_league
2026,RMUL,3V3对抗赛,山东站,八强,8,首都师范大学,PIE,甲级,二等奖,https://www.robomaster.com/zh-CN/resource/pages/announcement/1913,rmul_2026_awards,official_current_season_university_league
2026,RMUL,3V3对抗赛,山东站,十六强,16,北京科技大学,Reborn,甲级,二等奖,https://www.robomaster.com/zh-CN/resource/pages/announcement/1913,rmul_2026_awards,official_current_season_university_league
2026,RMUL,3V3对抗赛,山东站,十六强,16,山东理工大学,齐奇,非甲级,二等奖,https://www.robomaster.com/zh-CN/resource/pages/announcement/1913,rmul_2026_awards,official_current_season_university_league
2026,RMUL,3V3对抗赛,山东站,十六强,16,齐鲁工业大学,Adam,甲级,二等奖,https://www.robomaster.com/zh-CN/resource/pages/announcement/1913,rmul_2026_awards,official_current_season_university_league
2026,RMUL,3V3对抗赛,山东站,十六强,16,济宁学院,凌云,非甲级,二等奖,https://www.robomaster.com/zh-CN/resource/pages/announcement/1913,rmul_2026_awards,official_current_season_university_league
2026,RMUL,3V3对抗赛,山东站,十六强,16,河北工业职业技术大学,FEver,非甲级,二等奖,https://www.robomaster.com/zh-CN/resource/pages/announcement/1913,rmul_2026_awards,official_current_season_university_league
2026,RMUL,3V3对抗赛,山东站,十六强,16,北京交通大学,BNGU,非甲级,二等奖,https://www.robomaster.com/zh-CN/resource/pages/announcement/1913,rmul_2026_awards,official_current_season_university_league
2026,RMUL,3V3对抗赛,山东站,十六强,16,北京化工大学,百花机甲,非甲级,二等奖,https://www.robomaster.com/zh-CN/resource/pages/announcement/1913,rmul_2026_awards,official_current_season_university_league
2026,RMUL,3V3对抗赛,山东站,十六强,16,山东科技大学,SmartRobot,甲级,二等奖,https://www.robomaster.com/zh-CN/resource/pages/announcement/1913,rmul_2026_awards,official_current_season_university_league
2026,RMUL,3V3对抗赛,山东站,,,天津大学,北洋机甲,甲级,二等奖,https://www.robomaster.com/zh-CN/resource/pages/announcement/1913,rmul_2026_awards,official_current_season_university_league
2026,RMUL,3V3对抗赛,山东站,,,青岛大学,未来,非甲级,三等奖,https://www.robomaster.com/zh-CN/resource/pages/announcement/1913,rmul_2026_awards,official_current_season_university_league
2026,RMUL,3V3对抗赛,山东站,,,郑州升达经贸管理学院,EW,非甲级,三等奖,https://www.robomaster.com/zh-CN/resource/pages/announcement/1913,rmul_2026_awards,official_current_season_university_league
2026,RMUL,3V3对抗赛,山东站,,,济南大学,TFT,非甲级,三等奖,https://www.robomaster.com/zh-CN/resource/pages/announcement/1913,rmul_2026_awards,official_current_season_university_league
2026,RMUL,3V3对抗赛,山东站,,,青岛理工大学,move,非甲级,三等奖,https://www.robomaster.com/zh-CN/resource/pages/announcement/1913,rmul_2026_awards,official_current_season_university_league
2026,RMUL,3V3对抗赛,山东站,,,燕山大学,燕鹰,甲级,二等奖,https://www.robomaster.com/zh-CN/resource/pages/announcement/1913,rmul_2026_awards,official_current_season_university_league
2026,RMUL,3V3对抗赛,山东站,,,北京石油化工学院,Unicorn行空,非甲级,三等奖,https://www.robomaster.com/zh-CN/resource/pages/announcement/1913,rmul_2026_awards,official_current_season_university_league
2026,RMUL,3V3对抗赛,山东站,,,青岛科技大学,YKTKEMIAO,非甲级,三等奖,https://www.robomaster.com/zh-CN/resource/pages/announcement/1913,rmul_2026_awards,official_current_season_university_league
2026,RMUL,3V3对抗赛,山东站,,,枣庄学院,Summit,非甲级,三等奖,https://www.robomaster.com/zh-CN/resource/pages/announcement/1913,rmul_2026_awards,official_current_season_university_league
2026,RMUL,3V3对抗赛,山东站,,,山东石油化工学院,FR,非甲级,三等奖,https://www.robomaster.com/zh-CN/resource/pages/announcement/1913,rmul_2026_awards,official_current_season_university_league
2026,RMUL,3V3对抗赛,山东站,,,山东华宇工学院,preserve,非甲级,三等奖,https://www.robomaster.com/zh-CN/resource/pages/announcement/1913,rmul_2026_awards,official_current_season_university_league
2026,RMUL,3V3对抗赛,山东站,,,北京农学院,银杏,非甲级,三等奖,https://www.robomaster.com/zh-CN/resource/pages/announcement/1913,rmul_2026_awards,official_current_season_university_league
2026,RMUL,3V3对抗赛,东北站,冠军,1,东北大学,TDT,甲级,一等奖,https://www.robomaster.com/zh-CN/resource/pages/announcement/1913,rmul_2026_awards,official_current_season_university_league
2026,RMUL,3V3对抗赛,东北站,亚军,2,太原工业学院,火线,甲级,一等奖,https://www.robomaster.com/zh-CN/resource/pages/announcement/1913,rmul_2026_awards,official_current_season_university_league
2026,RMUL,3V3对抗赛,东北站,季军,3,辽宁科技大学,COD,甲级,一等奖,https://www.robomaster.com/zh-CN/resource/pages/announcement/1913,rmul_2026_awards,official_current_season_university_league
2026,RMUL,3V3对抗赛,东北站,殿军,4,沈阳理工大学,Ambition,甲级,一等奖,https://www.robomaster.com/zh-CN/resource/pages/announcement/1913,rmul_2026_awards,official_current_season_university_league
2026,RMUL,3V3对抗赛,东北站,八强,8,大连理工大学,凌BUG,甲级,二等奖,https://www.robomaster.com/zh-CN/resource/pages/announcement/1913,rmul_2026_awards,official_current_season_university_league
2026,RMUL,3V3对抗赛,东北站,八强,8,北方工业大学,DreamTeam,甲级,二等奖,https://www.robomaster.com/zh-CN/resource/pages/announcement/1913,rmul_2026_awards,official_current_season_university_league
2026,RMUL,3V3对抗赛,东北站,八强,8,吉林大学,TARS Go,甲级,二等奖,https://www.robomaster.com/zh-CN/resource/pages/announcement/1913,rmul_2026_awards,official_current_season_university_league
2026,RMUL,3V3对抗赛,东北站,八强,8,东北大学秦皇岛分校,征龙凌沧,甲级,二等奖,https://www.robomaster.com/zh-CN/resource/pages/announcement/1913,rmul_2026_awards,official_current_season_university_league
2026,RMUL,3V3对抗赛,东北站,十六强,16,东北林业大学,Ares,甲级,二等奖,https://www.robomaster.com/zh-CN/resource/pages/announcement/1913,rmul_2026_awards,official_current_season_university_league
2026,RMUL,3V3对抗赛,东北站,十六强,16,哈尔滨工程大学,创梦之翼,甲级,二等奖,https://www.robomaster.com/zh-CN/resource/pages/announcement/1913,rmul_2026_awards,official_current_season_university_league
2026,RMUL,3V3对抗赛,东北站,十六强,16,辽宁石油化工大学,TCN,非甲级,一等奖,https://www.robomaster.com/zh-CN/resource/pages/announcement/1913,rmul_2026_awards,official_current_season_university_league
2026,RMUL,3V3对抗赛,东北站,十六强,16,沈阳工业大学（辽阳校区）,赫兹矩阵,非甲级,一等奖,https://www.robomaster.com/zh-CN/resource/pages/announcement/1913,rmul_2026_awards,official_current_season_university_league
2026,RMUL,3V3对抗赛,东北站,十六强,16,华北理工大学,Horizon,非甲级,一等奖,https://www.robomaster.com/zh-CN/resource/pages/announcement/1913,rmul_2026_awards,official_current_season_university_league
2026,RMUL,3V3对抗赛,东北站,十六强,16,沈阳工业大学,DTS,非甲级,二等奖,https://www.robomaster.com/zh-CN/resource/pages/announcement/1913,rmul_2026_awards,official_current_season_university_league
2026,RMUL,3V3对抗赛,东北站,十六强,16,沈阳航空航天大学,TUP,非甲级,二等奖,https://www.robomaster.com/zh-CN/resource/pages/announcement/1913,rmul_2026_awards,official_current_season_university_league
2026,RMUL,3V3对抗赛,东北站,十六强,16,澳门理工大学,九霄,非甲级,二等奖,https://www.robomaster.com/zh-CN/resource/pages/announcement/1913,rmul_2026_awards,official_current_season_university_league
2026,RMUL,3V3对抗赛,东北站,,,大连大学,NIE,非甲级,二等奖,https://www.robomaster.com/zh-CN/resource/pages/announcement/1913,rmul_2026_awards,official_current_season_university_league
2026,RMUL,3V3对抗赛,东北站,,,哈尔滨工业大学,I Hiter,甲级,二等奖,https://www.robomaster.com/zh-CN/resource/pages/announcement/1913,rmul_2026_awards,official_current_season_university_league
2026,RMUL,3V3对抗赛,东北站,,,哈尔滨理工大学,A.I.R.,非甲级,二等奖,https://www.robomaster.com/zh-CN/resource/pages/announcement/1913,rmul_2026_awards,official_current_season_university_league
2026,RMUL,3V3对抗赛,东北站,,,黑龙江大学,Simba,非甲级,三等奖,https://www.robomaster.com/zh-CN/resource/pages/announcement/1913,rmul_2026_awards,official_current_season_university_league
2026,RMUL,3V3对抗赛,东北站,,,东北农业大学,TCP,非甲级,三等奖,https://www.robomaster.com/zh-CN/resource/pages/announcement/1913,rmul_2026_awards,official_current_season_university_league
2026,RMUL,3V3对抗赛,东北站,,,长春理工大学,CVIR,非甲级,三等奖,https://www.robomaster.com/zh-CN/resource/pages/announcement/1913,rmul_2026_awards,official_current_season_university_league
2026,RMUL,3V3对抗赛,东北站,,,黑河学院,LBT,非甲级,三等奖,https://www.robomaster.com/zh-CN/resource/pages/announcement/1913,rmul_2026_awards,official_current_season_university_league
2026,RMUL,3V3对抗赛,东北站,,,北京邮电大学,逐雁,非甲级,三等奖,https://www.robomaster.com/zh-CN/resource/pages/announcement/1913,rmul_2026_awards,official_current_season_university_league
2026,RMUL,3V3对抗赛,东北站,,,黑龙江工程学院,Young Dreams,非甲级,三等奖,https://www.robomaster.com/zh-CN/resource/pages/announcement/1913,rmul_2026_awards,official_current_season_university_league
2026,RMUL,3V3对抗赛,东北站,,,沈阳工学院,逐星,非甲级,三等奖,https://www.robomaster.com/zh-CN/resource/pages/announcement/1913,rmul_2026_awards,official_current_season_university_league
2026,RMUL,3V3对抗赛,东北站,,,沈阳化工大学,共心筑梦,非甲级,三等奖,https://www.robomaster.com/zh-CN/resource/pages/announcement/1913,rmul_2026_awards,official_current_season_university_league
2026,RMUL,3V3对抗赛,东北站,,,天津理工大学,Nirvana,非甲级,三等奖,https://www.robomaster.com/zh-CN/resource/pages/announcement/1913,rmul_2026_awards,official_current_season_university_league
2026,RMUL,3V3对抗赛,东北站,,,海军大连舰艇学院,深蓝奇冀UM,非甲级,三等奖,https://www.robomaster.com/zh-CN/resource/pages/announcement/1913,rmul_2026_awards,official_current_season_university_league
2026,RMUL,3V3对抗赛,东北站,,,中国科学院大学,SAS,非甲级,三等奖,https://www.robomaster.com/zh-CN/resource/pages/announcement/1913,rmul_2026_awards,official_current_season_university_league
2026,RMUL,3V3对抗赛,东北站,,,长春工业大学,长弓,非甲级,三等奖,https://www.robomaster.com/zh-CN/resource/pages/announcement/1913,rmul_2026_awards,official_current_season_university_league
2026,RMUL,3V3对抗赛,江苏站,冠军,1,浙江大学,Hello World,甲级,一等奖,https://www.robomaster.com/zh-CN/resource/pages/announcement/1913,rmul_2026_awards,official_current_season_university_league
2026,RMUL,3V3对抗赛,江苏站,亚军,2,江南大学霞客湾校区,SHARK,非甲级,一等奖,https://www.robomaster.com/zh-CN/resource/pages/announcement/1913,rmul_2026_awards,official_current_season_university_league
2026,RMUL,3V3对抗赛,江苏站,季军,3,南京邮电大学,Potential,非甲级,一等奖,https://www.robomaster.com/zh-CN/resource/pages/announcement/1913,rmul_2026_awards,official_current_season_university_league
2026,RMUL,3V3对抗赛,江苏站,殿军,4,福建师范大学,PKA,非甲级,一等奖,https://www.robomaster.com/zh-CN/resource/pages/announcement/1913,rmul_2026_awards,official_current_season_university_league
2026,RMUL,3V3对抗赛,江苏站,八强,8,文华学院,MSE STAR,非甲级,二等奖,https://www.robomaster.com/zh-CN/resource/pages/announcement/1913,rmul_2026_awards,official_current_season_university_league
2026,RMUL,3V3对抗赛,江苏站,八强,8,中国矿业大学,CUBOT,甲级,一等奖,https://www.robomaster.com/zh-CN/resource/pages/announcement/1913,rmul_2026_awards,official_current_season_university_league
2026,RMUL,3V3对抗赛,江苏站,八强,8,南昌大学,Passion,甲级,一等奖,https://www.robomaster.com/zh-CN/resource/pages/announcement/1913,rmul_2026_awards,official_current_season_university_league
2026,RMUL,3V3对抗赛,江苏站,八强,8,南京大学,鲸麟,非甲级,二等奖,https://www.robomaster.com/zh-CN/resource/pages/announcement/1913,rmul_2026_awards,official_current_season_university_league
2026,RMUL,3V3对抗赛,江苏站,十六强,16,南京理工大学,Alliance,甲级,二等奖,https://www.robomaster.com/zh-CN/resource/pages/announcement/1913,rmul_2026_awards,official_current_season_university_league
2026,RMUL,3V3对抗赛,江苏站,十六强,16,浙江师范大学,浙狮,非甲级,二等奖,https://www.robomaster.com/zh-CN/resource/pages/announcement/1913,rmul_2026_awards,official_current_season_university_league
2026,RMUL,3V3对抗赛,江苏站,十六强,16,南京工程学院,zerone,非甲级,二等奖,https://www.robomaster.com/zh-CN/resource/pages/announcement/1913,rmul_2026_awards,official_current_season_university_league
2026,RMUL,3V3对抗赛,江苏站,十六强,16,厦门理工学院,PFA,非甲级,二等奖,https://www.robomaster.com/zh-CN/resource/pages/announcement/1913,rmul_2026_awards,official_current_season_university_league
2026,RMUL,3V3对抗赛,江苏站,十六强,16,福建理工大学,苍侠,甲级,二等奖,https://www.robomaster.com/zh-CN/resource/pages/announcement/1913,rmul_2026_awards,official_current_season_university_league
2026,RMUL,3V3对抗赛,江苏站,十六强,16,上海工程技术大学,木鸢Birdiebot,甲级,二等奖,https://www.robomaster.com/zh-CN/resource/pages/announcement/1913,rmul_2026_awards,official_current_season_university_league
2026,RMUL,3V3对抗赛,江苏站,十六强,16,武汉大学,珞珈狐,非甲级,二等奖,https://www.robomaster.com/zh-CN/resource/pages/announcement/1913,rmul_2026_awards,official_current_season_university_league
2026,RMUL,3V3对抗赛,江苏站,十六强,16,南京理工大学江阴校区,Combat,非甲级,三等奖,https://www.robomaster.com/zh-CN/resource/pages/announcement/1913,rmul_2026_awards,official_current_season_university_league
2026,RMUL,3V3对抗赛,江苏站,,,集美大学,科来,非甲级,三等奖,https://www.robomaster.com/zh-CN/resource/pages/announcement/1913,rmul_2026_awards,official_current_season_university_league
2026,RMUL,3V3对抗赛,江苏站,,,西交利物浦大学,GMaster,非甲级,三等奖,https://www.robomaster.com/zh-CN/resource/pages/announcement/1913,rmul_2026_awards,official_current_season_university_league
2026,RMUL,3V3对抗赛,江苏站,,,常州工学院,FA,非甲级,三等奖,https://www.robomaster.com/zh-CN/resource/pages/announcement/1913,rmul_2026_awards,official_current_season_university_league
2026,RMUL,3V3对抗赛,江苏站,,,东南大学,3SE,甲级,二等奖,https://www.robomaster.com/zh-CN/resource/pages/announcement/1913,rmul_2026_awards,official_current_season_university_league
2026,RMUL,3V3对抗赛,江苏站,,,南通理工学院,紫琅,非甲级,三等奖,https://www.robomaster.com/zh-CN/resource/pages/announcement/1913,rmul_2026_awards,official_current_season_university_league
2026,RMUL,3V3对抗赛,江苏站,,,南京航空航天大学,长空御风,甲级,二等奖,https://www.robomaster.com/zh-CN/resource/pages/announcement/1913,rmul_2026_awards,official_current_season_university_league
2026,RMUL,3V3对抗赛,江苏站,,,江苏大学,Aurora,非甲级,三等奖,https://www.robomaster.com/zh-CN/resource/pages/announcement/1913,rmul_2026_awards,official_current_season_university_league
2026,RMUL,3V3对抗赛,江苏站,,,香港浸会大学,Navigator Beta,非甲级,三等奖,https://www.robomaster.com/zh-CN/resource/pages/announcement/1913,rmul_2026_awards,official_current_season_university_league
2026,RMUL,3V3对抗赛,江苏站,,,上海纽约大学,联合力量,非甲级,三等奖,https://www.robomaster.com/zh-CN/resource/pages/announcement/1913,rmul_2026_awards,official_current_season_university_league
2026,RMUL,3V3对抗赛,江苏站,,,厦门大学,RCS,非甲级,三等奖,https://www.robomaster.com/zh-CN/resource/pages/announcement/1913,rmul_2026_awards,official_current_season_university_league
2026,RMUL,3V3对抗赛,江苏站,,,南通大学,NSE,非甲级,三等奖,https://www.robomaster.com/zh-CN/resource/pages/announcement/1913,rmul_2026_awards,official_current_season_university_league
2026,RMUL,3V3对抗赛,江苏站,,,盐城工学院,盐潮,非甲级,三等奖,https://www.robomaster.com/zh-CN/resource/pages/announcement/1913,rmul_2026_awards,official_current_season_university_league
2026,RMUL,3V3对抗赛,江苏站,,,三江学院,破浪,非甲级,三等奖,https://www.robomaster.com/zh-CN/resource/pages/announcement/1913,rmul_2026_awards,official_current_season_university_league
2026,RMUL,3V3对抗赛,江苏站,,,盐城师范学院,盐鹤,非甲级,三等奖,https://www.robomaster.com/zh-CN/resource/pages/announcement/1913,rmul_2026_awards,official_current_season_university_league
2026,RMUL,3V3对抗赛,重庆站,冠军,1,西安电子科技大学,IRobot,甲级,一等奖,https://www.robomaster.com/zh-CN/resource/pages/announcement/1913,rmul_2026_awards,official_current_season_university_league
2026,RMUL,3V3对抗赛,重庆站,亚军,2,火箭军工程大学,东风,非甲级,一等奖,https://www.robomaster.com/zh-CN/resource/pages/announcement/1913,rmul_2026_awards,official_current_season_university_league
2026,RMUL,3V3对抗赛,重庆站,季军,3,西安交通大学,笃行,甲级,一等奖,https://www.robomaster.com/zh-CN/resource/pages/announcement/1913,rmul_2026_awards,official_current_season_university_league
2026,RMUL,3V3对抗赛,重庆站,殿军,4,西北工业大学,WMJ,甲级,一等奖,https://www.robomaster.com/zh-CN/resource/pages/announcement/1913,rmul_2026_awards,official_current_season_university_league
2026,RMUL,3V3对抗赛,重庆站,八强,8,西南大学,GKD,非甲级,一等奖,https://www.robomaster.com/zh-CN/resource/pages/announcement/1913,rmul_2026_awards,official_current_season_university_league
2026,RMUL,3V3对抗赛,重庆站,八强,8,国防科技大学,军临,甲级,二等奖,https://www.robomaster.com/zh-CN/resource/pages/announcement/1913,rmul_2026_awards,official_current_season_university_league
2026,RMUL,3V3对抗赛,重庆站,八强,8,桂林信息科技学院,GIRT,甲级,二等奖,https://www.robomaster.com/zh-CN/resource/pages/announcement/1913,rmul_2026_awards,official_current_season_university_league
2026,RMUL,3V3对抗赛,重庆站,八强,8,长安大学,VGD,甲级,二等奖,https://www.robomaster.com/zh-CN/resource/pages/announcement/1913,rmul_2026_awards,official_current_season_university_league
2026,RMUL,3V3对抗赛,重庆站,十六强,16,桂林电子科技大学,Evolution,甲级,二等奖,https://www.robomaster.com/zh-CN/resource/pages/announcement/1913,rmul_2026_awards,official_current_season_university_league
2026,RMUL,3V3对抗赛,重庆站,十六强,16,重庆大学,千里,甲级,二等奖,https://www.robomaster.com/zh-CN/resource/pages/announcement/1913,rmul_2026_awards,official_current_season_university_league
2026,RMUL,3V3对抗赛,重庆站,十六强,16,西南石油大学南充校区,泓龙,非甲级,一等奖,https://www.robomaster.com/zh-CN/resource/pages/announcement/1913,rmul_2026_awards,official_current_season_university_league
2026,RMUL,3V3对抗赛,重庆站,十六强,16,重庆第二师范学院,扶光,非甲级,一等奖,https://www.robomaster.com/zh-CN/resource/pages/announcement/1913,rmul_2026_awards,official_current_season_university_league
2026,RMUL,3V3对抗赛,重庆站,十六强,16,湖南工学院,Seeker,非甲级,二等奖,https://www.robomaster.com/zh-CN/resource/pages/announcement/1913,rmul_2026_awards,official_current_season_university_league
2026,RMUL,3V3对抗赛,重庆站,十六强,16,长沙理工大学,云嵌,非甲级,二等奖,https://www.robomaster.com/zh-CN/resource/pages/announcement/1913,rmul_2026_awards,official_current_season_university_league
2026,RMUL,3V3对抗赛,重庆站,十六强,16,桂林电子科技大学北海校区,破浪笃行,非甲级,二等奖,https://www.robomaster.com/zh-CN/resource/pages/announcement/1913,rmul_2026_awards,official_current_season_university_league
2026,RMUL,3V3对抗赛,重庆站,十六强,16,广西大学,ROBOTZ,非甲级,二等奖,https://www.robomaster.com/zh-CN/resource/pages/announcement/1913,rmul_2026_awards,official_current_season_university_league
2026,RMUL,3V3对抗赛,重庆站,,,重庆三峡学院,LionHeart,非甲级,二等奖,https://www.robomaster.com/zh-CN/resource/pages/announcement/1913,rmul_2026_awards,official_current_season_university_league
2026,RMUL,3V3对抗赛,重庆站,,,南华大学,MA,非甲级,二等奖,https://www.robomaster.com/zh-CN/resource/pages/announcement/1913,rmul_2026_awards,official_current_season_university_league
2026,RMUL,3V3对抗赛,重庆站,,,重庆理工大学,士继DREAMER,非甲级,三等奖,https://www.robomaster.com/zh-CN/resource/pages/announcement/1913,rmul_2026_awards,official_current_season_university_league
2026,RMUL,3V3对抗赛,重庆站,,,宜宾学院,宜宾火燃面,非甲级,三等奖,https://www.robomaster.com/zh-CN/resource/pages/announcement/1913,rmul_2026_awards,official_current_season_university_league
2026,RMUL,3V3对抗赛,重庆站,,,西安理工大学,NEXT E,非甲级,三等奖,https://www.robomaster.com/zh-CN/resource/pages/announcement/1913,rmul_2026_awards,official_current_season_university_league
2026,RMUL,3V3对抗赛,重庆站,,,湖南科技大学,尘埃,非甲级,三等奖,https://www.robomaster.com/zh-CN/resource/pages/announcement/1913,rmul_2026_awards,official_current_season_university_league
2026,RMUL,3V3对抗赛,重庆站,,,贵州大学,printk,非甲级,三等奖,https://www.robomaster.com/zh-CN/resource/pages/announcement/1913,rmul_2026_awards,official_current_season_university_league
2026,RMUL,3V3对抗赛,重庆站,,,北部湾大学,飞虎,非甲级,三等奖,https://www.robomaster.com/zh-CN/resource/pages/announcement/1913,rmul_2026_awards,official_current_season_university_league
2026,RMUL,3V3对抗赛,重庆站,,,新加坡国立大学,Calibur,非甲级,三等奖,https://www.robomaster.com/zh-CN/resource/pages/announcement/1913,rmul_2026_awards,official_current_season_university_league
2026,RMUL,3V3对抗赛,重庆站,,,吉利学院,吉风羽跃,非甲级,三等奖,https://www.robomaster.com/zh-CN/resource/pages/announcement/1913,rmul_2026_awards,official_current_season_university_league
2026,RMUL,3V3对抗赛,重庆站,,,茅台学院,MTI,非甲级,三等奖,https://www.robomaster.com/zh-CN/resource/pages/announcement/1913,rmul_2026_awards,official_current_season_university_league
2026,RMUL,3V3对抗赛,重庆站,,,长江大学,探索者,非甲级,三等奖,https://www.robomaster.com/zh-CN/resource/pages/announcement/1913,rmul_2026_awards,official_current_season_university_league
2026,RMUL,3V3对抗赛,重庆站,,,重庆邮电大学,重山,非甲级,三等奖,https://www.robomaster.com/zh-CN/resource/pages/announcement/1913,rmul_2026_awards,official_current_season_university_league
2026,RMUL,3V3对抗赛,重庆站,,,湘潭大学,逐曦,非甲级,三等奖,https://www.robomaster.com/zh-CN/resource/pages/announcement/1913,rmul_2026_awards,official_current_season_university_league
2026,RMUL,3V3对抗赛,重庆站,,,重庆交通大学,RoadBot,非甲级,三等奖,https://www.robomaster.com/zh-CN/resource/pages/announcement/1913,rmul_2026_awards,official_current_season_university_league
2026,RMUL,3V3对抗赛,重庆站,,,联勤保障部队工程大学,陆擎,非甲级,三等奖,https://www.robomaster.com/zh-CN/resource/pages/announcement/1913,rmul_2026_awards,official_current_season_university_league
2026,RMUL,3V3对抗赛,上海站,冠军,1,武汉工程大学,Nautilus,甲级,一等奖,https://www.robomaster.com/zh-CN/resource/pages/announcement/1913,rmul_2026_awards,official_current_season_university_league
2026,RMUL,3V3对抗赛,上海站,亚军,2,南京航空航天大学金城学院,Born of Fire,甲级,一等奖,https://www.robomaster.com/zh-CN/resource/pages/announcement/1913,rmul_2026_awards,official_current_season_university_league
2026,RMUL,3V3对抗赛,上海站,季军,3,华东理工大学,起源,甲级,二等奖,https://www.robomaster.com/zh-CN/resource/pages/announcement/1913,rmul_2026_awards,official_current_season_university_league
2026,RMUL,3V3对抗赛,上海站,殿军,4,上海交通大学,交龙,甲级,二等奖,https://www.robomaster.com/zh-CN/resource/pages/announcement/1913,rmul_2026_awards,official_current_season_university_league
2026,RMUL,3V3对抗赛,上海站,八强,8,同济大学,SuperPower,甲级,二等奖,https://www.robomaster.com/zh-CN/resource/pages/announcement/1913,rmul_2026_awards,official_current_season_university_league
2026,RMUL,3V3对抗赛,上海站,八强,8,上海科技大学,Magician,非甲级,一等奖,https://www.robomaster.com/zh-CN/resource/pages/announcement/1913,rmul_2026_awards,official_current_season_university_league
2026,RMUL,3V3对抗赛,上海站,八强,8,厦门大学嘉庚学院,TCR,甲级,二等奖,https://www.robomaster.com/zh-CN/resource/pages/announcement/1913,rmul_2026_awards,official_current_season_university_league
2026,RMUL,3V3对抗赛,上海站,八强,8,浙江工业大学,Deus,非甲级,一等奖,https://www.robomaster.com/zh-CN/resource/pages/announcement/1913,rmul_2026_awards,official_current_season_university_league
2026,RMUL,3V3对抗赛,上海站,十六强,16,复旦大学,星云EGA,非甲级,一等奖,https://www.robomaster.com/zh-CN/resource/pages/announcement/1913,rmul_2026_awards,official_current_season_university_league
2026,RMUL,3V3对抗赛,上海站,十六强,16,台州学院,星驰,非甲级,一等奖,https://www.robomaster.com/zh-CN/resource/pages/announcement/1913,rmul_2026_awards,official_current_season_university_league
2026,RMUL,3V3对抗赛,上海站,十六强,16,上海大学,SRM,非甲级,二等奖,https://www.robomaster.com/zh-CN/resource/pages/announcement/1913,rmul_2026_awards,official_current_season_university_league
2026,RMUL,3V3对抗赛,上海站,十六强,16,西浦创业家学院（太仓）,OmniX,非甲级,二等奖,https://www.robomaster.com/zh-CN/resource/pages/announcement/1913,rmul_2026_awards,official_current_season_university_league
2026,RMUL,3V3对抗赛,上海站,十六强,16,西藏农牧大学,雪域雄鹰,非甲级,二等奖,https://www.robomaster.com/zh-CN/resource/pages/announcement/1913,rmul_2026_awards,official_current_season_university_league
2026,RMUL,3V3对抗赛,上海站,十六强,16,华东交通大学,RealSteel,非甲级,二等奖,https://www.robomaster.com/zh-CN/resource/pages/announcement/1913,rmul_2026_awards,official_current_season_university_league
2026,RMUL,3V3对抗赛,上海站,十六强,16,上海电力大学,灵晔Lightning,非甲级,二等奖,https://www.robomaster.com/zh-CN/resource/pages/announcement/1913,rmul_2026_awards,official_current_season_university_league
2026,RMUL,3V3对抗赛,上海站,十六强,16,上海电机学院,拾荒,非甲级,二等奖,https://www.robomaster.com/zh-CN/resource/pages/announcement/1913,rmul_2026_awards,official_current_season_university_league
2026,RMUL,3V3对抗赛,上海站,,,北师香港浸会大学,Navigator Alpha,非甲级,三等奖,https://www.robomaster.com/zh-CN/resource/pages/announcement/1913,rmul_2026_awards,official_current_season_university_league
2026,RMUL,3V3对抗赛,上海站,,,东华大学,DIODE,非甲级,三等奖,https://www.robomaster.com/zh-CN/resource/pages/announcement/1913,rmul_2026_awards,official_current_season_university_league
2026,RMUL,3V3对抗赛,上海站,,,新乡学院,电创,非甲级,三等奖,https://www.robomaster.com/zh-CN/resource/pages/announcement/1913,rmul_2026_awards,official_current_season_university_league
2026,RMUL,3V3对抗赛,上海站,,,闽江学院,赤源机甲,非甲级,三等奖,https://www.robomaster.com/zh-CN/resource/pages/announcement/1913,rmul_2026_awards,official_current_season_university_league
2026,RMUL,3V3对抗赛,上海站,,,豫章师范学院,YZ Control,非甲级,三等奖,https://www.robomaster.com/zh-CN/resource/pages/announcement/1913,rmul_2026_awards,official_current_season_university_league
2026,RMUL,3V3对抗赛,上海站,,,上海理工大学,RoboVigor,非甲级,三等奖,https://www.robomaster.com/zh-CN/resource/pages/announcement/1913,rmul_2026_awards,official_current_season_university_league
2026,RMUL,3V3对抗赛,上海站,,,集美大学诚毅学院,潜渊,非甲级,三等奖,https://www.robomaster.com/zh-CN/resource/pages/announcement/1913,rmul_2026_awards,official_current_season_university_league
2026,RMUL,3V3对抗赛,上海站,,,苏州工学院,Restar,非甲级,三等奖,https://www.robomaster.com/zh-CN/resource/pages/announcement/1913,rmul_2026_awards,official_current_season_university_league
2026,RMUL,3V3对抗赛,上海站,,,杭州电子科技大学,PHOENIX,非甲级,三等奖,https://www.robomaster.com/zh-CN/resource/pages/announcement/1913,rmul_2026_awards,official_current_season_university_league
2026,RMUL,3V3对抗赛,上海站,,,浙江理工大学,钱塘蛟,非甲级,三等奖,https://www.robomaster.com/zh-CN/resource/pages/announcement/1913,rmul_2026_awards,official_current_season_university_league
2026,RMUL,3V3对抗赛,上海站,,,浙江大学伊利诺伊大学厄巴纳香槟校区联合学院,Meta,非甲级,三等奖,https://www.robomaster.com/zh-CN/resource/pages/announcement/1913,rmul_2026_awards,official_current_season_university_league
2026,RMUL,3V3对抗赛,上海站,,,江苏航空职业技术学院,飞凡创新,非甲级,三等奖,https://www.robomaster.com/zh-CN/resource/pages/announcement/1913,rmul_2026_awards,official_current_season_university_league
2026,RMUL,3V3对抗赛,上海站,,,宁波诺丁汉大学,AIM,非甲级,三等奖,https://www.robomaster.com/zh-CN/resource/pages/announcement/1913,rmul_2026_awards,official_current_season_university_league
2026,RMUL,3V3对抗赛,上海站,,,宁波工程学院,New Legends,非甲级,三等奖,https://www.robomaster.com/zh-CN/resource/pages/announcement/1913,rmul_2026_awards,official_current_season_university_league
2026,RMUL,3V3对抗赛,上海站,,,浙大城市学院,RoboWisdom,非甲级,三等奖,https://www.robomaster.com/zh-CN/resource/pages/announcement/1913,rmul_2026_awards,official_current_season_university_league
2026,RMUL,3V3对抗赛,四川站,冠军,1,贵州师范大学,CEC,非甲级,一等奖,https://www.robomaster.com/zh-CN/resource/pages/announcement/1913,rmul_2026_awards,official_current_season_university_league
2026,RMUL,3V3对抗赛,四川站,亚军,2,桂林理工大学,群星,甲级,一等奖,https://www.robomaster.com/zh-CN/resource/pages/announcement/1913,rmul_2026_awards,official_current_season_university_league
2026,RMUL,3V3对抗赛,四川站,季军,3,广州铁路职业技术学院,IRONR,非甲级,一等奖,https://www.robomaster.com/zh-CN/resource/pages/announcement/1913,rmul_2026_awards,official_current_season_university_league
2026,RMUL,3V3对抗赛,四川站,殿军,4,河南科技大学,鼎行双创,非甲级,一等奖,https://www.robomaster.com/zh-CN/resource/pages/announcement/1913,rmul_2026_awards,official_current_season_university_league
2026,RMUL,3V3对抗赛,四川站,八强,8,成都信息工程大学,风信子,非甲级,一等奖,https://www.robomaster.com/zh-CN/resource/pages/announcement/1913,rmul_2026_awards,official_current_season_university_league
2026,RMUL,3V3对抗赛,四川站,八强,8,仲恺农业工程学院,奇点,非甲级,二等奖,https://www.robomaster.com/zh-CN/resource/pages/announcement/1913,rmul_2026_awards,official_current_season_university_league
2026,RMUL,3V3对抗赛,四川站,八强,8,西南交通大学,Helios,甲级,一等奖,https://www.robomaster.com/zh-CN/resource/pages/announcement/1913,rmul_2026_awards,official_current_season_university_league
2026,RMUL,3V3对抗赛,四川站,八强,8,云南大学,Future,非甲级,二等奖,https://www.robomaster.com/zh-CN/resource/pages/announcement/1913,rmul_2026_awards,official_current_season_university_league
2026,RMUL,3V3对抗赛,四川站,十六强,16,电子科技大学成都学院,微城市,非甲级,二等奖,https://www.robomaster.com/zh-CN/resource/pages/announcement/1913,rmul_2026_awards,official_current_season_university_league
2026,RMUL,3V3对抗赛,四川站,十六强,16,广东工商职业技术大学,Alistun,非甲级,二等奖,https://www.robomaster.com/zh-CN/resource/pages/announcement/1913,rmul_2026_awards,official_current_season_university_league
2026,RMUL,3V3对抗赛,四川站,十六强,16,成都大学,Ultra,甲级,二等奖,https://www.robomaster.com/zh-CN/resource/pages/announcement/1913,rmul_2026_awards,official_current_season_university_league
2026,RMUL,3V3对抗赛,四川站,十六强,16,华南师范大学（佛山校区）,VANGUARD,非甲级,二等奖,https://www.robomaster.com/zh-CN/resource/pages/announcement/1913,rmul_2026_awards,official_current_season_university_league
2026,RMUL,3V3对抗赛,四川站,十六强,16,武汉理工大学,PRIME,非甲级,二等奖,https://www.robomaster.com/zh-CN/resource/pages/announcement/1913,rmul_2026_awards,official_current_season_university_league
2026,RMUL,3V3对抗赛,四川站,十六强,16,四川大学,火锅,甲级,二等奖,https://www.robomaster.com/zh-CN/resource/pages/announcement/1913,rmul_2026_awards,official_current_season_university_league
2026,RMUL,3V3对抗赛,四川站,十六强,16,陕西科技大学,BattleSwanX,非甲级,二等奖,https://www.robomaster.com/zh-CN/resource/pages/announcement/1913,rmul_2026_awards,official_current_season_university_league
2026,RMUL,3V3对抗赛,四川站,十六强,16,南昌理工学院,新跃,非甲级,三等奖,https://www.robomaster.com/zh-CN/resource/pages/announcement/1913,rmul_2026_awards,official_current_season_university_league
2026,RMUL,3V3对抗赛,四川站,,,广西师范大学,虎师,非甲级,三等奖,https://www.robomaster.com/zh-CN/resource/pages/announcement/1913,rmul_2026_awards,official_current_season_university_league
2026,RMUL,3V3对抗赛,四川站,,,深圳北理莫斯科大学,北极熊,非甲级,三等奖,https://www.robomaster.com/zh-CN/resource/pages/announcement/1913,rmul_2026_awards,official_current_season_university_league
2026,RMUL,3V3对抗赛,四川站,,,四川大学锦江学院,攀登者,非甲级,三等奖,https://www.robomaster.com/zh-CN/resource/pages/announcement/1913,rmul_2026_awards,official_current_season_university_league
2026,RMUL,3V3对抗赛,四川站,,,香港科技大学（广州）,PnX,非甲级,三等奖,https://www.robomaster.com/zh-CN/resource/pages/announcement/1913,rmul_2026_awards,official_current_season_university_league
2026,RMUL,3V3对抗赛,四川站,,,湖南工程学院,Vortex,非甲级,三等奖,https://www.robomaster.com/zh-CN/resource/pages/announcement/1913,rmul_2026_awards,official_current_season_university_league
2026,RMUL,3V3对抗赛,四川站,,,湖南大学,跃鹿,非甲级,三等奖,https://www.robomaster.com/zh-CN/resource/pages/announcement/1913,rmul_2026_awards,official_current_season_university_league
2026,RMUL,3V3对抗赛,四川站,,,中山大学,Venom,非甲级,三等奖,https://www.robomaster.com/zh-CN/resource/pages/announcement/1913,rmul_2026_awards,official_current_season_university_league
2026,RMUL,3V3对抗赛,四川站,,,香港大学,HerKules,非甲级,三等奖,https://www.robomaster.com/zh-CN/resource/pages/announcement/1913,rmul_2026_awards,official_current_season_university_league
2026,RMUL,3V3对抗赛,四川站,,,西南石油大学,铁人,甲级,二等奖,https://www.robomaster.com/zh-CN/resource/pages/announcement/1913,rmul_2026_awards,official_current_season_university_league
2026,RMUL,3V3对抗赛,四川站,,,香港中文大学（深圳）,过岗龙,非甲级,三等奖,https://www.robomaster.com/zh-CN/resource/pages/announcement/1913,rmul_2026_awards,official_current_season_university_league
2026,RMUL,3V3对抗赛,四川站,,,西南民族大学,新竹,非甲级,三等奖,https://www.robomaster.com/zh-CN/resource/pages/announcement/1913,rmul_2026_awards,official_current_season_university_league
2026,RMUL,3V3对抗赛,四川站,,,昆明理工大学津桥学院,Courage,非甲级,三等奖,https://www.robomaster.com/zh-CN/resource/pages/announcement/1913,rmul_2026_awards,official_current_season_university_league
2026,RMUL,3V3对抗赛,四川站,,,成都工业学院,涉科赛思,非甲级,三等奖,https://www.robomaster.com/zh-CN/resource/pages/announcement/1913,rmul_2026_awards,official_current_season_university_league
2026,RMUL,3V3对抗赛,四川站,,,贵阳人文科技学院,BIU,非甲级,三等奖,https://www.robomaster.com/zh-CN/resource/pages/announcement/1913,rmul_2026_awards,official_current_season_university_league
2026,RMUL,3V3对抗赛,四川站,,,西北农林科技大学,猎隼,非甲级,三等奖,https://www.robomaster.com/zh-CN/resource/pages/announcement/1913,rmul_2026_awards,official_current_season_university_league
2026,RMUL,3V3对抗赛,四川站,,,青海大学,河湟谷人,非甲级,三等奖,https://www.robomaster.com/zh-CN/resource/pages/announcement/1913,rmul_2026_awards,official_current_season_university_league
2026,RMUL,3V3对抗赛,华北站,冠军,1,太原科技大学,NewMaker,非甲级,一等奖,https://www.robomaster.com/zh-CN/resource/pages/announcement/1913,rmul_2026_awards,official_current_season_university_league
2026,RMUL,3V3对抗赛,华北站,亚军,2,华北科技学院,风暴,甲级,一等奖,https://www.robomaster.com/zh-CN/resource/pages/announcement/1913,rmul_2026_awards,official_current_season_university_league
2026,RMUL,3V3对抗赛,华北站,季军,3,宁夏理工学院,聚变新星,非甲级,一等奖,https://www.robomaster.com/zh-CN/resource/pages/announcement/1913,rmul_2026_awards,official_current_season_university_league
2026,RMUL,3V3对抗赛,华北站,殿军,4,江西理工大学,乘风,非甲级,一等奖,https://www.robomaster.com/zh-CN/resource/pages/announcement/1913,rmul_2026_awards,official_current_season_university_league
2026,RMUL,3V3对抗赛,华北站,八强,8,河北师范大学,金钢,非甲级,一等奖,https://www.robomaster.com/zh-CN/resource/pages/announcement/1913,rmul_2026_awards,official_current_season_university_league
2026,RMUL,3V3对抗赛,华北站,八强,8,北京航空航天大学,Transistor,非甲级,二等奖,https://www.robomaster.com/zh-CN/resource/pages/announcement/1913,rmul_2026_awards,official_current_season_university_league
2026,RMUL,3V3对抗赛,华北站,八强,8,北京工业大学,PIP,非甲级,二等奖,https://www.robomaster.com/zh-CN/resource/pages/announcement/1913,rmul_2026_awards,official_current_season_university_league
2026,RMUL,3V3对抗赛,华北站,八强,8,新疆工程学院,金胡杨,非甲级,二等奖,https://www.robomaster.com/zh-CN/resource/pages/announcement/1913,rmul_2026_awards,official_current_season_university_league
2026,RMUL,3V3对抗赛,华北站,十六强,16,内蒙古科技大学,雷霆,非甲级,二等奖,https://www.robomaster.com/zh-CN/resource/pages/announcement/1913,rmul_2026_awards,official_current_season_university_league
2026,RMUL,3V3对抗赛,华北站,十六强,16,中国石油大学（北京）,SPR,甲级,二等奖,https://www.robomaster.com/zh-CN/resource/pages/announcement/1913,rmul_2026_awards,official_current_season_university_league
2026,RMUL,3V3对抗赛,华北站,十六强,16,新疆大学,小白杨,非甲级,二等奖,https://www.robomaster.com/zh-CN/resource/pages/announcement/1913,rmul_2026_awards,official_current_season_university_league
2026,RMUL,3V3对抗赛,华北站,十六强,16,清华大学,青云,非甲级,二等奖,https://www.robomaster.com/zh-CN/resource/pages/announcement/1913,rmul_2026_awards,official_current_season_university_league
2026,RMUL,3V3对抗赛,华北站,十六强,16,中北大学,606,甲级,二等奖,https://www.robomaster.com/zh-CN/resource/pages/announcement/1913,rmul_2026_awards,official_current_season_university_league
2026,RMUL,3V3对抗赛,华北站,十六强,16,中国民航大学,因特雷,非甲级,二等奖,https://www.robomaster.com/zh-CN/resource/pages/announcement/1913,rmul_2026_awards,official_current_season_university_league
2026,RMUL,3V3对抗赛,华北站,十六强,16,福建农林大学,零七一,非甲级,三等奖,https://www.robomaster.com/zh-CN/resource/pages/announcement/1913,rmul_2026_awards,official_current_season_university_league
2026,RMUL,3V3对抗赛,华北站,十六强,16,山西工商学院,TB Power,非甲级,三等奖,https://www.robomaster.com/zh-CN/resource/pages/announcement/1913,rmul_2026_awards,official_current_season_university_league
2026,RMUL,3V3对抗赛,华北站,,,天津工业大学,304,非甲级,三等奖,https://www.robomaster.com/zh-CN/resource/pages/announcement/1913,rmul_2026_awards,official_current_season_university_league
2026,RMUL,3V3对抗赛,华北站,,,内蒙古师范大学,猛码,非甲级,三等奖,https://www.robomaster.com/zh-CN/resource/pages/announcement/1913,rmul_2026_awards,official_current_season_university_league
2026,RMUL,3V3对抗赛,华北站,,,北京林业大学,森林狼,非甲级,三等奖,https://www.robomaster.com/zh-CN/resource/pages/announcement/1913,rmul_2026_awards,official_current_season_university_league
2026,RMUL,3V3对抗赛,华北站,,,西安科技大学,秦风,非甲级,三等奖,https://www.robomaster.com/zh-CN/resource/pages/announcement/1913,rmul_2026_awards,official_current_season_university_league
2026,RMUL,3V3对抗赛,华北站,,,山西机电职业技术学院,筑梦,非甲级,三等奖,https://www.robomaster.com/zh-CN/resource/pages/announcement/1913,rmul_2026_awards,official_current_season_university_league
2026,RMUL,3V3对抗赛,华北站,,,郑州大学,中州烛龙,非甲级,三等奖,https://www.robomaster.com/zh-CN/resource/pages/announcement/1913,rmul_2026_awards,official_current_season_university_league
2026,RMUL,3V3对抗赛,华北站,,,苏州大学应用技术学院,苏鸾,非甲级,三等奖,https://www.robomaster.com/zh-CN/resource/pages/announcement/1913,rmul_2026_awards,official_current_season_university_league
2026,RMUL,3V3对抗赛,华北站,,,中国人民警察大学,无畏先锋,非甲级,三等奖,https://www.robomaster.com/zh-CN/resource/pages/announcement/1913,rmul_2026_awards,official_current_season_university_league
2026,RMUL,3V3对抗赛,华北站,,,大连民族大学,C·ONE,非甲级,三等奖,https://www.robomaster.com/zh-CN/resource/pages/announcement/1913,rmul_2026_awards,official_current_season_university_league
2026,RMUL,3V3对抗赛,华北站,,,防灾科技学院,思玄,非甲级,三等奖,https://www.robomaster.com/zh-CN/resource/pages/announcement/1913,rmul_2026_awards,official_current_season_university_league
2026,RMUL,3V3对抗赛,华北站,,,北京信息科技大学,星辰,非甲级,三等奖,https://www.robomaster.com/zh-CN/resource/pages/announcement/1913,rmul_2026_awards,official_current_season_university_league
2026,RMUL,3V3对抗赛,华北站,,,呼伦贝尔学院,匠芯,非甲级,三等奖,https://www.robomaster.com/zh-CN/resource/pages/announcement/1913,rmul_2026_awards,official_current_season_university_league
2026,RMUL,3V3对抗赛,华北站,,,河北大学,直隶机甲,非甲级,三等奖,https://www.robomaster.com/zh-CN/resource/pages/announcement/1913,rmul_2026_awards,official_current_season_university_league
2026,RMUL,3V3对抗赛,华北站,,,陆军兵种大学,铁驭,非甲级,三等奖,https://www.robomaster.com/zh-CN/resource/pages/announcement/1913,rmul_2026_awards,official_current_season_university_league
2026,RMUL,3V3对抗赛,华北站,,,石河子大学,戈壁明珠,非甲级,三等奖,https://www.robomaster.com/zh-CN/resource/pages/announcement/1913,rmul_2026_awards,official_current_season_university_league
2026,RMUL,3V3对抗赛,华北站,,,河北工业大学,山海机甲,非甲级,三等奖,https://www.robomaster.com/zh-CN/resource/pages/announcement/1913,rmul_2026_awards,official_current_season_university_league
2026,RMUL,步兵对抗赛,安徽站,冠军,1,江苏开放大学,开拓者,,一等奖,https://www.robomaster.com/zh-CN/resource/pages/announcement/1913,rmul_2026_awards,official_current_season_university_league
2026,RMUL,步兵对抗赛,安徽站,亚军,2,阳光学院,迹屿,,一等奖,https://www.robomaster.com/zh-CN/resource/pages/announcement/1913,rmul_2026_awards,official_current_season_university_league
2026,RMUL,步兵对抗赛,安徽站,季军,3,湖北第二师范学院,潜云DGE,,一等奖,https://www.robomaster.com/zh-CN/resource/pages/announcement/1913,rmul_2026_awards,official_current_season_university_league
2026,RMUL,步兵对抗赛,安徽站,殿军,4,湖北工业大学,力创RM,,二等奖,https://www.robomaster.com/zh-CN/resource/pages/announcement/1913,rmul_2026_awards,official_current_season_university_league
2026,RMUL,步兵对抗赛,安徽站,八强,8,芜湖职业技术大学,鸠兹,,二等奖,https://www.robomaster.com/zh-CN/resource/pages/announcement/1913,rmul_2026_awards,official_current_season_university_league
2026,RMUL,步兵对抗赛,安徽站,八强,8,湖南农业大学,Together,,二等奖,https://www.robomaster.com/zh-CN/resource/pages/announcement/1913,rmul_2026_awards,official_current_season_university_league
2026,RMUL,步兵对抗赛,安徽站,八强,8,安徽理工大学,鸿烈,,二等奖,https://www.robomaster.com/zh-CN/resource/pages/announcement/1913,rmul_2026_awards,official_current_season_university_league
2026,RMUL,步兵对抗赛,安徽站,八强,8,武汉科技大学,崇实,,二等奖,https://www.robomaster.com/zh-CN/resource/pages/announcement/1913,rmul_2026_awards,official_current_season_university_league
2026,RMUL,步兵对抗赛,安徽站,,,珠海科技学院,征途Uprising,,三等奖,https://www.robomaster.com/zh-CN/resource/pages/announcement/1913,rmul_2026_awards,official_current_season_university_league
2026,RMUL,步兵对抗赛,安徽站,,,福州大学,浮舟湿地,,三等奖,https://www.robomaster.com/zh-CN/resource/pages/announcement/1913,rmul_2026_awards,official_current_season_university_league
2026,RMUL,步兵对抗赛,安徽站,,,武汉生物工程学院,lamb,,三等奖,https://www.robomaster.com/zh-CN/resource/pages/announcement/1913,rmul_2026_awards,official_current_season_university_league
2026,RMUL,步兵对抗赛,安徽站,,,南昌航空大学,洪鹰,,三等奖,https://www.robomaster.com/zh-CN/resource/pages/announcement/1913,rmul_2026_awards,official_current_season_university_league
2026,RMUL,步兵对抗赛,安徽站,,,广东以色列理工学院,工夫,,三等奖,https://www.robomaster.com/zh-CN/resource/pages/announcement/1913,rmul_2026_awards,official_current_season_university_league
2026,RMUL,步兵对抗赛,安徽站,,,武汉华夏理工学院,京喜,,三等奖,https://www.robomaster.com/zh-CN/resource/pages/announcement/1913,rmul_2026_awards,official_current_season_university_league
2026,RMUL,步兵对抗赛,安徽站,,,江西工程学院,天启,,三等奖,https://www.robomaster.com/zh-CN/resource/pages/announcement/1913,rmul_2026_awards,official_current_season_university_league
2026,RMUL,步兵对抗赛,安徽站,,,湖北科技学院,机械之心,,三等奖,https://www.robomaster.com/zh-CN/resource/pages/announcement/1913,rmul_2026_awards,official_current_season_university_league
2026,RMUL,步兵对抗赛,安徽站,,,安徽大学,Supremacy,,三等奖,https://www.robomaster.com/zh-CN/resource/pages/announcement/1913,rmul_2026_awards,official_current_season_university_league
2026,RMUL,步兵对抗赛,安徽站,,,常州机电职业技术学院,棠海电龙,,三等奖,https://www.robomaster.com/zh-CN/resource/pages/announcement/1913,rmul_2026_awards,official_current_season_university_league
2026,RMUL,步兵对抗赛,安徽站,,,南京航空航天大学（天目湖校区）,巡天御风,,三等奖,https://www.robomaster.com/zh-CN/resource/pages/announcement/1913,rmul_2026_awards,official_current_season_university_league
2026,RMUL,步兵对抗赛,华南站,冠军,1,大湾区大学,驭浪者,,一等奖,https://www.robomaster.com/zh-CN/resource/pages/announcement/1913,rmul_2026_awards,official_current_season_university_league
2026,RMUL,步兵对抗赛,华南站,亚军,2,广州航海学院,ICBK破冰船,,一等奖,https://www.robomaster.com/zh-CN/resource/pages/announcement/1913,rmul_2026_awards,official_current_season_university_league
2026,RMUL,步兵对抗赛,华南站,季军,3,广东技术师范大学,粤狮,,二等奖,https://www.robomaster.com/zh-CN/resource/pages/announcement/1913,rmul_2026_awards,official_current_season_university_league
2026,RMUL,步兵对抗赛,华南站,殿军,4,广东轻工职业技术大学,Inventor,,二等奖,https://www.robomaster.com/zh-CN/resource/pages/announcement/1913,rmul_2026_awards,official_current_season_university_league
2026,RMUL,步兵对抗赛,华南站,八强,8,深圳信息职业技术大学,撼龙,,二等奖,https://www.robomaster.com/zh-CN/resource/pages/announcement/1913,rmul_2026_awards,official_current_season_university_league
2026,RMUL,步兵对抗赛,华南站,八强,8,海南大学,南海鲨,,二等奖,https://www.robomaster.com/zh-CN/resource/pages/announcement/1913,rmul_2026_awards,official_current_season_university_league
2026,RMUL,步兵对抗赛,华南站,八强,8,肇庆学院,Foray,,三等奖,https://www.robomaster.com/zh-CN/resource/pages/announcement/1913,rmul_2026_awards,official_current_season_university_league
2026,RMUL,步兵对抗赛,华南站,八强,8,广东交通职业技术学院,擎天,,三等奖,https://www.robomaster.com/zh-CN/resource/pages/announcement/1913,rmul_2026_awards,official_current_season_university_league
2026,RMUL,步兵对抗赛,华南站,,,广东金融学院,BRICKS,,三等奖,https://www.robomaster.com/zh-CN/resource/pages/announcement/1913,rmul_2026_awards,official_current_season_university_league
2026,RMUL,步兵对抗赛,华南站,,,惠州学院,District 46,,三等奖,https://www.robomaster.com/zh-CN/resource/pages/announcement/1913,rmul_2026_awards,official_current_season_university_league
2026,RMUL,步兵对抗赛,华南站,,,广东海洋大学,浪潮,,三等奖,https://www.robomaster.com/zh-CN/resource/pages/announcement/1913,rmul_2026_awards,official_current_season_university_league
2026,RMUL,步兵对抗赛,华南站,,,广州软件学院,不息,,三等奖,https://www.robomaster.com/zh-CN/resource/pages/announcement/1913,rmul_2026_awards,official_current_season_university_league
2026,RMUL,步兵对抗赛,华南站,,,广州南方学院,南風,,三等奖,https://www.robomaster.com/zh-CN/resource/pages/announcement/1913,rmul_2026_awards,official_current_season_university_league
2026,RMUL,步兵对抗赛,华南站,,,南宁师范大学,南狮,,三等奖,https://www.robomaster.com/zh-CN/resource/pages/announcement/1913,rmul_2026_awards,official_current_season_university_league
2026,RMUL,步兵对抗赛,华南站,,,广州大学,庆园阁,,三等奖,https://www.robomaster.com/zh-CN/resource/pages/announcement/1913,rmul_2026_awards,official_current_season_university_league
2026,RMUL,步兵对抗赛,华南站,,,广东轻工职业技术大学（新港校区）,机器人力量,,三等奖,https://www.robomaster.com/zh-CN/resource/pages/announcement/1913,rmul_2026_awards,official_current_season_university_league
2026,RMUL,步兵对抗赛,山东站,冠军,1,沈阳建筑大学,简锋,,一等奖,https://www.robomaster.com/zh-CN/resource/pages/announcement/1913,rmul_2026_awards,official_current_season_university_league
2026,RMUL,步兵对抗赛,山东站,亚军,2,石家庄铁道大学,铁道兵,,一等奖,https://www.robomaster.com/zh-CN/resource/pages/announcement/1913,rmul_2026_awards,official_current_season_university_league
2026,RMUL,步兵对抗赛,山东站,季军,3,山西工学院,雁翎,,一等奖,https://www.robomaster.com/zh-CN/resource/pages/announcement/1913,rmul_2026_awards,official_current_season_university_league
2026,RMUL,步兵对抗赛,山东站,殿军,4,青岛理工大学,move,,二等奖,https://www.robomaster.com/zh-CN/resource/pages/announcement/1913,rmul_2026_awards,official_current_season_university_league
2026,RMUL,步兵对抗赛,山东站,八强,8,枣庄学院,Summit,,二等奖,https://www.robomaster.com/zh-CN/resource/pages/announcement/1913,rmul_2026_awards,official_current_season_university_league
2026,RMUL,步兵对抗赛,山东站,八强,8,济宁学院,凌云,,二等奖,https://www.robomaster.com/zh-CN/resource/pages/announcement/1913,rmul_2026_awards,official_current_season_university_league
2026,RMUL,步兵对抗赛,山东站,八强,8,北京交通大学,BNGU,,二等奖,https://www.robomaster.com/zh-CN/resource/pages/announcement/1913,rmul_2026_awards,official_current_season_university_league
2026,RMUL,步兵对抗赛,山东站,八强,8,北京信息科技大学（张家口）,雲笈,,二等奖,https://www.robomaster.com/zh-CN/resource/pages/announcement/1913,rmul_2026_awards,official_current_season_university_league
2026,RMUL,步兵对抗赛,山东站,十二强,12,华北电力大学,Hunters,,二等奖,https://www.robomaster.com/zh-CN/resource/pages/announcement/1913,rmul_2026_awards,official_current_season_university_league
2026,RMUL,步兵对抗赛,山东站,十二强,12,青岛科技大学,YKTKEMIAO,,三等奖,https://www.robomaster.com/zh-CN/resource/pages/announcement/1913,rmul_2026_awards,official_current_season_university_league
2026,RMUL,步兵对抗赛,山东站,十二强,12,北京化工大学,百花机甲,,三等奖,https://www.robomaster.com/zh-CN/resource/pages/announcement/1913,rmul_2026_awards,official_current_season_university_league
2026,RMUL,步兵对抗赛,山东站,十二强,12,北华航天工业学院,问天,,三等奖,https://www.robomaster.com/zh-CN/resource/pages/announcement/1913,rmul_2026_awards,official_current_season_university_league
2026,RMUL,步兵对抗赛,山东站,,,河北工业职业技术大学,FEver,,三等奖,https://www.robomaster.com/zh-CN/resource/pages/announcement/1913,rmul_2026_awards,official_current_season_university_league
2026,RMUL,步兵对抗赛,山东站,,,郑州升达经贸管理学院,EW,,三等奖,https://www.robomaster.com/zh-CN/resource/pages/announcement/1913,rmul_2026_awards,official_current_season_university_league
2026,RMUL,步兵对抗赛,山东站,,,济南大学,TFT,,三等奖,https://www.robomaster.com/zh-CN/resource/pages/announcement/1913,rmul_2026_awards,official_current_season_university_league
2026,RMUL,步兵对抗赛,山东站,,,河北工程大学,冀甲精工,,三等奖,https://www.robomaster.com/zh-CN/resource/pages/announcement/1913,rmul_2026_awards,official_current_season_university_league
2026,RMUL,步兵对抗赛,山东站,,,北京石油化工学院,Unicorn行空,,三等奖,https://www.robomaster.com/zh-CN/resource/pages/announcement/1913,rmul_2026_awards,official_current_season_university_league
2026,RMUL,步兵对抗赛,山东站,,,潍坊理工学院,光谱,,三等奖,https://www.robomaster.com/zh-CN/resource/pages/announcement/1913,rmul_2026_awards,official_current_season_university_league
2026,RMUL,步兵对抗赛,山东站,,,青岛城市学院,青橙,,三等奖,https://www.robomaster.com/zh-CN/resource/pages/announcement/1913,rmul_2026_awards,official_current_season_university_league
2026,RMUL,步兵对抗赛,山东站,,,山东石油化工学院,FR,,三等奖,https://www.robomaster.com/zh-CN/resource/pages/announcement/1913,rmul_2026_awards,official_current_season_university_league
2026,RMUL,步兵对抗赛,山东站,,,山东华宇工学院,preserve,,三等奖,https://www.robomaster.com/zh-CN/resource/pages/announcement/1913,rmul_2026_awards,official_current_season_university_league
2026,RMUL,步兵对抗赛,山东站,,,天津职业技术师范大学,RIEA津南虎,,三等奖,https://www.robomaster.com/zh-CN/resource/pages/announcement/1913,rmul_2026_awards,official_current_season_university_league
2026,RMUL,步兵对抗赛,山东站,,,北京农学院,银杏,,三等奖,https://www.robomaster.com/zh-CN/resource/pages/announcement/1913,rmul_2026_awards,official_current_season_university_league
2026,RMUL,步兵对抗赛,东北站,冠军,1,沈阳化工大学,共心筑梦,,一等奖,https://www.robomaster.com/zh-CN/resource/pages/announcement/1913,rmul_2026_awards,official_current_season_university_league
2026,RMUL,步兵对抗赛,东北站,亚军,2,大连大学,NIE,,一等奖,https://www.robomaster.com/zh-CN/resource/pages/announcement/1913,rmul_2026_awards,official_current_season_university_league
2026,RMUL,步兵对抗赛,东北站,季军,3,长春理工大学,CVIR,,一等奖,https://www.robomaster.com/zh-CN/resource/pages/announcement/1913,rmul_2026_awards,official_current_season_university_league
2026,RMUL,步兵对抗赛,东北站,殿军,4,唐山工业职业技术大学,青釉凌云,,一等奖,https://www.robomaster.com/zh-CN/resource/pages/announcement/1913,rmul_2026_awards,official_current_season_university_league
2026,RMUL,步兵对抗赛,东北站,八强,8,沈阳工业大学（辽阳校区）,赫兹矩阵,,二等奖,https://www.robomaster.com/zh-CN/resource/pages/announcement/1913,rmul_2026_awards,official_current_season_university_league
2026,RMUL,步兵对抗赛,东北站,八强,8,辽宁石油化工大学,TCN,,二等奖,https://www.robomaster.com/zh-CN/resource/pages/announcement/1913,rmul_2026_awards,official_current_season_university_league
2026,RMUL,步兵对抗赛,东北站,八强,8,北京邮电大学,逐雁,,二等奖,https://www.robomaster.com/zh-CN/resource/pages/announcement/1913,rmul_2026_awards,official_current_season_university_league
2026,RMUL,步兵对抗赛,东北站,八强,8,哈尔滨理工大学,A.I.R.,,二等奖,https://www.robomaster.com/zh-CN/resource/pages/announcement/1913,rmul_2026_awards,official_current_season_university_league
2026,RMUL,步兵对抗赛,东北站,十六强,16,空军航空大学,蓝鹰,,二等奖,https://www.robomaster.com/zh-CN/resource/pages/announcement/1913,rmul_2026_awards,official_current_season_university_league
2026,RMUL,步兵对抗赛,东北站,十六强,16,沈阳工业大学,DTS,,二等奖,https://www.robomaster.com/zh-CN/resource/pages/announcement/1913,rmul_2026_awards,official_current_season_university_league
2026,RMUL,步兵对抗赛,东北站,十六强,16,澳门理工大学,九霄,,三等奖,https://www.robomaster.com/zh-CN/resource/pages/announcement/1913,rmul_2026_awards,official_current_season_university_league
2026,RMUL,步兵对抗赛,东北站,十六强,16,海军大连舰艇学院,深蓝奇冀UM,,三等奖,https://www.robomaster.com/zh-CN/resource/pages/announcement/1913,rmul_2026_awards,official_current_season_university_league
2026,RMUL,步兵对抗赛,东北站,十六强,16,黑龙江大学,Simba,,三等奖,https://www.robomaster.com/zh-CN/resource/pages/announcement/1913,rmul_2026_awards,official_current_season_university_league
2026,RMUL,步兵对抗赛,东北站,十六强,16,辽宁工程技术大学,奇点蓝图,,三等奖,https://www.robomaster.com/zh-CN/resource/pages/announcement/1913,rmul_2026_awards,official_current_season_university_league
2026,RMUL,步兵对抗赛,东北站,十六强,16,大连理工大学（盘锦校区）,凌风,,三等奖,https://www.robomaster.com/zh-CN/resource/pages/announcement/1913,rmul_2026_awards,official_current_season_university_league
2026,RMUL,步兵对抗赛,东北站,十六强,16,沈阳大学,SFP,,三等奖,https://www.robomaster.com/zh-CN/resource/pages/announcement/1913,rmul_2026_awards,official_current_season_university_league
2026,RMUL,步兵对抗赛,东北站,,,沈阳工学院,逐星,,三等奖,https://www.robomaster.com/zh-CN/resource/pages/announcement/1913,rmul_2026_awards,official_current_season_university_league
2026,RMUL,步兵对抗赛,东北站,,,天津理工大学,Nirvana,,三等奖,https://www.robomaster.com/zh-CN/resource/pages/announcement/1913,rmul_2026_awards,official_current_season_university_league
2026,RMUL,步兵对抗赛,东北站,,,黑河学院,LBT,,三等奖,https://www.robomaster.com/zh-CN/resource/pages/announcement/1913,rmul_2026_awards,official_current_season_university_league
2026,RMUL,步兵对抗赛,东北站,,,中国科学院大学,SAS,,三等奖,https://www.robomaster.com/zh-CN/resource/pages/announcement/1913,rmul_2026_awards,official_current_season_university_league
2026,RMUL,步兵对抗赛,东北站,,,长春工业大学,长弓,,三等奖,https://www.robomaster.com/zh-CN/resource/pages/announcement/1913,rmul_2026_awards,official_current_season_university_league
2026,RMUL,步兵对抗赛,东北站,,,东北农业大学,TCP,,三等奖,https://www.robomaster.com/zh-CN/resource/pages/announcement/1913,rmul_2026_awards,official_current_season_university_league
2026,RMUL,步兵对抗赛,东北站,,,沈阳科技学院,Navigate,,三等奖,https://www.robomaster.com/zh-CN/resource/pages/announcement/1913,rmul_2026_awards,official_current_season_university_league
2026,RMUL,步兵对抗赛,东北站,,,黑龙江工程学院,Young Dreams,,三等奖,https://www.robomaster.com/zh-CN/resource/pages/announcement/1913,rmul_2026_awards,official_current_season_university_league
2026,RMUL,步兵对抗赛,江苏站,冠军,1,江南大学霞客湾校区,SHARK,,一等奖,https://www.robomaster.com/zh-CN/resource/pages/announcement/1913,rmul_2026_awards,official_current_season_university_league
2026,RMUL,步兵对抗赛,江苏站,亚军,2,浙江师范大学,浙狮,,一等奖,https://www.robomaster.com/zh-CN/resource/pages/announcement/1913,rmul_2026_awards,official_current_season_university_league
2026,RMUL,步兵对抗赛,江苏站,季军,3,文华学院,MSE STAR,,一等奖,https://www.robomaster.com/zh-CN/resource/pages/announcement/1913,rmul_2026_awards,official_current_season_university_league
2026,RMUL,步兵对抗赛,江苏站,殿军,4,武汉大学,珞珈狐,,二等奖,https://www.robomaster.com/zh-CN/resource/pages/announcement/1913,rmul_2026_awards,official_current_season_university_league
2026,RMUL,步兵对抗赛,江苏站,八强,8,浙江工商大学,铁甲雄心,,二等奖,https://www.robomaster.com/zh-CN/resource/pages/announcement/1913,rmul_2026_awards,official_current_season_university_league
2026,RMUL,步兵对抗赛,江苏站,八强,8,集美大学,科来,,二等奖,https://www.robomaster.com/zh-CN/resource/pages/announcement/1913,rmul_2026_awards,official_current_season_university_league
2026,RMUL,步兵对抗赛,江苏站,八强,8,南京大学,鲸麟,,二等奖,https://www.robomaster.com/zh-CN/resource/pages/announcement/1913,rmul_2026_awards,official_current_season_university_league
2026,RMUL,步兵对抗赛,江苏站,八强,8,南通大学,NSE,,二等奖,https://www.robomaster.com/zh-CN/resource/pages/announcement/1913,rmul_2026_awards,official_current_season_university_league
2026,RMUL,步兵对抗赛,江苏站,,,南京邮电大学,Potential,,三等奖,https://www.robomaster.com/zh-CN/resource/pages/announcement/1913,rmul_2026_awards,official_current_season_university_league
2026,RMUL,步兵对抗赛,江苏站,,,南京理工大学江阴校区,Combat,,三等奖,https://www.robomaster.com/zh-CN/resource/pages/announcement/1913,rmul_2026_awards,official_current_season_university_league
2026,RMUL,步兵对抗赛,江苏站,,,上海纽约大学,联合力量,,三等奖,https://www.robomaster.com/zh-CN/resource/pages/announcement/1913,rmul_2026_awards,official_current_season_university_league
2026,RMUL,步兵对抗赛,江苏站,,,香港浸会大学,Navigator Beta,,三等奖,https://www.robomaster.com/zh-CN/resource/pages/announcement/1913,rmul_2026_awards,official_current_season_university_league
2026,RMUL,步兵对抗赛,江苏站,,,陆军工程大学,开路先锋,,三等奖,https://www.robomaster.com/zh-CN/resource/pages/announcement/1913,rmul_2026_awards,official_current_season_university_league
2026,RMUL,步兵对抗赛,江苏站,,,三江学院,破浪,,三等奖,https://www.robomaster.com/zh-CN/resource/pages/announcement/1913,rmul_2026_awards,official_current_season_university_league
2026,RMUL,步兵对抗赛,江苏站,,,南京工程学院,zerone,,三等奖,https://www.robomaster.com/zh-CN/resource/pages/announcement/1913,rmul_2026_awards,official_current_season_university_league
2026,RMUL,步兵对抗赛,江苏站,,,常州工学院,FA,,三等奖,https://www.robomaster.com/zh-CN/resource/pages/announcement/1913,rmul_2026_awards,official_current_season_university_league
2026,RMUL,步兵对抗赛,江苏站,,,盐城师范学院,盐鹤,,三等奖,https://www.robomaster.com/zh-CN/resource/pages/announcement/1913,rmul_2026_awards,official_current_season_university_league
2026,RMUL,步兵对抗赛,江苏站,,,南通理工学院,紫琅,,三等奖,https://www.robomaster.com/zh-CN/resource/pages/announcement/1913,rmul_2026_awards,official_current_season_university_league
2026,RMUL,步兵对抗赛,江苏站,,,盐城工学院,盐潮,,三等奖,https://www.robomaster.com/zh-CN/resource/pages/announcement/1913,rmul_2026_awards,official_current_season_university_league
2026,RMUL,步兵对抗赛,江苏站,,,江南大学,鼋Go,,三等奖,https://www.robomaster.com/zh-CN/resource/pages/announcement/1913,rmul_2026_awards,official_current_season_university_league
2026,RMUL,步兵对抗赛,重庆站,冠军,1,火箭军工程大学,东风,,一等奖,https://www.robomaster.com/zh-CN/resource/pages/announcement/1913,rmul_2026_awards,official_current_season_university_league
2026,RMUL,步兵对抗赛,重庆站,亚军,2,湖南工学院,Seeker,,一等奖,https://www.robomaster.com/zh-CN/resource/pages/announcement/1913,rmul_2026_awards,official_current_season_university_league
2026,RMUL,步兵对抗赛,重庆站,季军,3,西南石油大学南充校区,泓龙,,一等奖,https://www.robomaster.com/zh-CN/resource/pages/announcement/1913,rmul_2026_awards,official_current_season_university_league
2026,RMUL,步兵对抗赛,重庆站,殿军,4,湖南科技大学,尘埃,,二等奖,https://www.robomaster.com/zh-CN/resource/pages/announcement/1913,rmul_2026_awards,official_current_season_university_league
2026,RMUL,步兵对抗赛,重庆站,八强,8,中南林业科技大学,天芯,,二等奖,https://www.robomaster.com/zh-CN/resource/pages/announcement/1913,rmul_2026_awards,official_current_season_university_league
2026,RMUL,步兵对抗赛,重庆站,八强,8,重庆邮电大学,重山,,二等奖,https://www.robomaster.com/zh-CN/resource/pages/announcement/1913,rmul_2026_awards,official_current_season_university_league
2026,RMUL,步兵对抗赛,重庆站,八强,8,长江师范学院,涪晓,,二等奖,https://www.robomaster.com/zh-CN/resource/pages/announcement/1913,rmul_2026_awards,official_current_season_university_league
2026,RMUL,步兵对抗赛,重庆站,八强,8,西安邮电大学,沧海,,二等奖,https://www.robomaster.com/zh-CN/resource/pages/announcement/1913,rmul_2026_awards,official_current_season_university_league
2026,RMUL,步兵对抗赛,重庆站,十二强,12,茅台学院,MTI,,三等奖,https://www.robomaster.com/zh-CN/resource/pages/announcement/1913,rmul_2026_awards,official_current_season_university_league
2026,RMUL,步兵对抗赛,重庆站,十二强,12,长江大学,探索者,,三等奖,https://www.robomaster.com/zh-CN/resource/pages/announcement/1913,rmul_2026_awards,official_current_season_university_league
2026,RMUL,步兵对抗赛,重庆站,十二强,12,重庆第二师范学院,扶光,,三等奖,https://www.robomaster.com/zh-CN/resource/pages/announcement/1913,rmul_2026_awards,official_current_season_university_league
2026,RMUL,步兵对抗赛,重庆站,十二强,12,吉利学院,吉风羽跃,,三等奖,https://www.robomaster.com/zh-CN/resource/pages/announcement/1913,rmul_2026_awards,official_current_season_university_league
2026,RMUL,步兵对抗赛,重庆站,,,西南大学,GKD,,三等奖,https://www.robomaster.com/zh-CN/resource/pages/announcement/1913,rmul_2026_awards,official_current_season_university_league
2026,RMUL,步兵对抗赛,重庆站,,,海军工程大学,蔚蓝工程,,三等奖,https://www.robomaster.com/zh-CN/resource/pages/announcement/1913,rmul_2026_awards,official_current_season_university_league
2026,RMUL,步兵对抗赛,重庆站,,,西南林业大学,404,,三等奖,https://www.robomaster.com/zh-CN/resource/pages/announcement/1913,rmul_2026_awards,official_current_season_university_league
2026,RMUL,步兵对抗赛,重庆站,,,北部湾大学,飞虎,,三等奖,https://www.robomaster.com/zh-CN/resource/pages/announcement/1913,rmul_2026_awards,official_current_season_university_league
2026,RMUL,步兵对抗赛,重庆站,,,贵州大学,printk,,三等奖,https://www.robomaster.com/zh-CN/resource/pages/announcement/1913,rmul_2026_awards,official_current_season_university_league
2026,RMUL,步兵对抗赛,重庆站,,,重庆交通大学,RoadBot,,三等奖,https://www.robomaster.com/zh-CN/resource/pages/announcement/1913,rmul_2026_awards,official_current_season_university_league
2026,RMUL,步兵对抗赛,重庆站,,,宜宾学院,宜宾火燃面,,三等奖,https://www.robomaster.com/zh-CN/resource/pages/announcement/1913,rmul_2026_awards,official_current_season_university_league
2026,RMUL,步兵对抗赛,重庆站,,,新加坡国立大学,Calibur,,三等奖,https://www.robomaster.com/zh-CN/resource/pages/announcement/1913,rmul_2026_awards,official_current_season_university_league
2026,RMUL,步兵对抗赛,重庆站,,,四川美术学院,虎溪喵喵拳,,三等奖,https://www.robomaster.com/zh-CN/resource/pages/announcement/1913,rmul_2026_awards,official_current_season_university_league
2026,RMUL,步兵对抗赛,上海站,冠军,1,上海大学,SRM,,一等奖,https://www.robomaster.com/zh-CN/resource/pages/announcement/1913,rmul_2026_awards,official_current_season_university_league
2026,RMUL,步兵对抗赛,上海站,亚军,2,复旦大学,星云EGA,,一等奖,https://www.robomaster.com/zh-CN/resource/pages/announcement/1913,rmul_2026_awards,official_current_season_university_league
2026,RMUL,步兵对抗赛,上海站,季军,3,上海民航职业技术学院,航迹,,一等奖,https://www.robomaster.com/zh-CN/resource/pages/announcement/1913,rmul_2026_awards,official_current_season_university_league
2026,RMUL,步兵对抗赛,上海站,殿军,4,北师香港浸会大学,Navigator Alpha,,一等奖,https://www.robomaster.com/zh-CN/resource/pages/announcement/1913,rmul_2026_awards,official_current_season_university_league
2026,RMUL,步兵对抗赛,上海站,八强,8,上海电机学院,拾荒,,二等奖,https://www.robomaster.com/zh-CN/resource/pages/announcement/1913,rmul_2026_awards,official_current_season_university_league
2026,RMUL,步兵对抗赛,上海站,八强,8,集美大学诚毅学院,潜渊,,二等奖,https://www.robomaster.com/zh-CN/resource/pages/announcement/1913,rmul_2026_awards,official_current_season_university_league
2026,RMUL,步兵对抗赛,上海站,八强,8,台州学院,星驰,,二等奖,https://www.robomaster.com/zh-CN/resource/pages/announcement/1913,rmul_2026_awards,official_current_season_university_league
2026,RMUL,步兵对抗赛,上海站,八强,8,闽江学院,赤源机甲,,二等奖,https://www.robomaster.com/zh-CN/resource/pages/announcement/1913,rmul_2026_awards,official_current_season_university_league
2026,RMUL,步兵对抗赛,上海站,十六强,16,华东交通大学,RealSteel,,二等奖,https://www.robomaster.com/zh-CN/resource/pages/announcement/1913,rmul_2026_awards,official_current_season_university_league
2026,RMUL,步兵对抗赛,上海站,十六强,16,浙江大学伊利诺伊大学厄巴纳香槟校区联合学院,Meta,,二等奖,https://www.robomaster.com/zh-CN/resource/pages/announcement/1913,rmul_2026_awards,official_current_season_university_league
2026,RMUL,步兵对抗赛,上海站,十六强,16,新乡学院,电创,,二等奖,https://www.robomaster.com/zh-CN/resource/pages/announcement/1913,rmul_2026_awards,official_current_season_university_league
2026,RMUL,步兵对抗赛,上海站,十六强,16,上海电力大学,灵晔Lightning,,三等奖,https://www.robomaster.com/zh-CN/resource/pages/announcement/1913,rmul_2026_awards,official_current_season_university_league
2026,RMUL,步兵对抗赛,上海站,十六强,16,上海理工大学,RoboVigor,,三等奖,https://www.robomaster.com/zh-CN/resource/pages/announcement/1913,rmul_2026_awards,official_current_season_university_league
2026,RMUL,步兵对抗赛,上海站,十六强,16,豫章师范学院,YZ Control,,三等奖,https://www.robomaster.com/zh-CN/resource/pages/announcement/1913,rmul_2026_awards,official_current_season_university_league
2026,RMUL,步兵对抗赛,上海站,十六强,16,金陵科技学院,CR,,三等奖,https://www.robomaster.com/zh-CN/resource/pages/announcement/1913,rmul_2026_awards,official_current_season_university_league
2026,RMUL,步兵对抗赛,上海站,十六强,16,苏州工学院,Restar,,三等奖,https://www.robomaster.com/zh-CN/resource/pages/announcement/1913,rmul_2026_awards,official_current_season_university_league
2026,RMUL,步兵对抗赛,上海站,,,西浦创业家学院（太仓）,OmniX,,三等奖,https://www.robomaster.com/zh-CN/resource/pages/announcement/1913,rmul_2026_awards,official_current_season_university_league
2026,RMUL,步兵对抗赛,上海站,,,浙大城市学院,RoboWisdom,,三等奖,https://www.robomaster.com/zh-CN/resource/pages/announcement/1913,rmul_2026_awards,official_current_season_university_league
2026,RMUL,步兵对抗赛,上海站,,,江苏航空职业技术学院,飞凡创新,,三等奖,https://www.robomaster.com/zh-CN/resource/pages/announcement/1913,rmul_2026_awards,official_current_season_university_league
2026,RMUL,步兵对抗赛,上海站,,,天津理工大学中环信息学院,砺锋,,三等奖,https://www.robomaster.com/zh-CN/resource/pages/announcement/1913,rmul_2026_awards,official_current_season_university_league
2026,RMUL,步兵对抗赛,上海站,,,宁波诺丁汉大学,AIM,,三等奖,https://www.robomaster.com/zh-CN/resource/pages/announcement/1913,rmul_2026_awards,official_current_season_university_league
2026,RMUL,步兵对抗赛,上海站,,,浙江工业大学,Deus,,三等奖,https://www.robomaster.com/zh-CN/resource/pages/announcement/1913,rmul_2026_awards,official_current_season_university_league
2026,RMUL,步兵对抗赛,上海站,,,上海应用技术大学,开物,,三等奖,https://www.robomaster.com/zh-CN/resource/pages/announcement/1913,rmul_2026_awards,official_current_season_university_league
2026,RMUL,步兵对抗赛,上海站,,,西藏农牧大学,雪域雄鹰,,三等奖,https://www.robomaster.com/zh-CN/resource/pages/announcement/1913,rmul_2026_awards,official_current_season_university_league
2026,RMUL,步兵对抗赛,上海站,,,新疆铁道职业技术学院,巨人机器人,,三等奖,https://www.robomaster.com/zh-CN/resource/pages/announcement/1913,rmul_2026_awards,official_current_season_university_league
2026,RMUL,步兵对抗赛,上海站,,,东华理工大学（吉安）,电子芯途,,三等奖,https://www.robomaster.com/zh-CN/resource/pages/announcement/1913,rmul_2026_awards,official_current_season_university_league
2026,RMUL,步兵对抗赛,四川站,冠军,1,广州铁路职业技术学院,IRONR,,一等奖,https://www.robomaster.com/zh-CN/resource/pages/announcement/1913,rmul_2026_awards,official_current_season_university_league
2026,RMUL,步兵对抗赛,四川站,亚军,2,贵州师范大学,CEC,,一等奖,https://www.robomaster.com/zh-CN/resource/pages/announcement/1913,rmul_2026_awards,official_current_season_university_league
2026,RMUL,步兵对抗赛,四川站,季军,3,四川大学锦江学院,攀登者,,一等奖,https://www.robomaster.com/zh-CN/resource/pages/announcement/1913,rmul_2026_awards,official_current_season_university_league
2026,RMUL,步兵对抗赛,四川站,殿军,4,电子科技大学成都学院,微城市,,一等奖,https://www.robomaster.com/zh-CN/resource/pages/announcement/1913,rmul_2026_awards,official_current_season_university_league
2026,RMUL,步兵对抗赛,四川站,八强,8,河南科技大学,鼎行双创,,二等奖,https://www.robomaster.com/zh-CN/resource/pages/announcement/1913,rmul_2026_awards,official_current_season_university_league
2026,RMUL,步兵对抗赛,四川站,八强,8,香港中文大学（深圳）,过岗龙,,二等奖,https://www.robomaster.com/zh-CN/resource/pages/announcement/1913,rmul_2026_awards,official_current_season_university_league
2026,RMUL,步兵对抗赛,四川站,八强,8,武汉理工大学,PRIME,,二等奖,https://www.robomaster.com/zh-CN/resource/pages/announcement/1913,rmul_2026_awards,official_current_season_university_league
2026,RMUL,步兵对抗赛,四川站,八强,8,新疆农业大学,天山机甲者,,二等奖,https://www.robomaster.com/zh-CN/resource/pages/announcement/1913,rmul_2026_awards,official_current_season_university_league
2026,RMUL,步兵对抗赛,四川站,十六强,16,湖南工程学院,Vortex,,二等奖,https://www.robomaster.com/zh-CN/resource/pages/announcement/1913,rmul_2026_awards,official_current_season_university_league
2026,RMUL,步兵对抗赛,四川站,十六强,16,广东工商职业技术大学,Alistun,,二等奖,https://www.robomaster.com/zh-CN/resource/pages/announcement/1913,rmul_2026_awards,official_current_season_university_league
2026,RMUL,步兵对抗赛,四川站,十六强,16,广西师范大学,虎师,,二等奖,https://www.robomaster.com/zh-CN/resource/pages/announcement/1913,rmul_2026_awards,official_current_season_university_league
2026,RMUL,步兵对抗赛,四川站,十六强,16,昆明理工大学津桥学院,Courage,,三等奖,https://www.robomaster.com/zh-CN/resource/pages/announcement/1913,rmul_2026_awards,official_current_season_university_league
2026,RMUL,步兵对抗赛,四川站,十六强,16,周口师范学院,三川汇甲,,三等奖,https://www.robomaster.com/zh-CN/resource/pages/announcement/1913,rmul_2026_awards,official_current_season_university_league
2026,RMUL,步兵对抗赛,四川站,十六强,16,西北农林科技大学,猎隼,,三等奖,https://www.robomaster.com/zh-CN/resource/pages/announcement/1913,rmul_2026_awards,official_current_season_university_league
2026,RMUL,步兵对抗赛,四川站,十六强,16,昆明理工大学,昆蓬南冥,,三等奖,https://www.robomaster.com/zh-CN/resource/pages/announcement/1913,rmul_2026_awards,official_current_season_university_league
2026,RMUL,步兵对抗赛,四川站,十六强,16,中山大学,Venom,,三等奖,https://www.robomaster.com/zh-CN/resource/pages/announcement/1913,rmul_2026_awards,official_current_season_university_league
2026,RMUL,步兵对抗赛,四川站,,,华南师范大学（佛山校区）,VANGUARD,,三等奖,https://www.robomaster.com/zh-CN/resource/pages/announcement/1913,rmul_2026_awards,official_current_season_university_league
2026,RMUL,步兵对抗赛,四川站,,,成都工业学院,涉科赛思,,三等奖,https://www.robomaster.com/zh-CN/resource/pages/announcement/1913,rmul_2026_awards,official_current_season_university_league
2026,RMUL,步兵对抗赛,四川站,,,西南民族大学,新竹,,三等奖,https://www.robomaster.com/zh-CN/resource/pages/announcement/1913,rmul_2026_awards,official_current_season_university_league
2026,RMUL,步兵对抗赛,四川站,,,南昌理工学院,新跃,,三等奖,https://www.robomaster.com/zh-CN/resource/pages/announcement/1913,rmul_2026_awards,official_current_season_university_league
2026,RMUL,步兵对抗赛,四川站,,,陕西科技大学,BattleSwanX,,三等奖,https://www.robomaster.com/zh-CN/resource/pages/announcement/1913,rmul_2026_awards,official_current_season_university_league
2026,RMUL,步兵对抗赛,四川站,,,西南大学（荣昌校区）,南鲲,,三等奖,https://www.robomaster.com/zh-CN/resource/pages/announcement/1913,rmul_2026_awards,official_current_season_university_league
2026,RMUL,步兵对抗赛,四川站,,,深圳北理莫斯科大学,北极熊,,三等奖,https://www.robomaster.com/zh-CN/resource/pages/announcement/1913,rmul_2026_awards,official_current_season_university_league
2026,RMUL,步兵对抗赛,四川站,,,湖北汽车工业学院,Voltix,,三等奖,https://www.robomaster.com/zh-CN/resource/pages/announcement/1913,rmul_2026_awards,official_current_season_university_league
2026,RMUL,步兵对抗赛,四川站,,,青海大学,河湟谷人,,三等奖,https://www.robomaster.com/zh-CN/resource/pages/announcement/1913,rmul_2026_awards,official_current_season_university_league
2026,RMUL,步兵对抗赛,四川站,,,贵阳人文科技学院,BIU,,三等奖,https://www.robomaster.com/zh-CN/resource/pages/announcement/1913,rmul_2026_awards,official_current_season_university_league
2026,RMUL,步兵对抗赛,四川站,,,贵州民族大学,我们一起做个梦,,三等奖,https://www.robomaster.com/zh-CN/resource/pages/announcement/1913,rmul_2026_awards,official_current_season_university_league
2026,RMUL,步兵对抗赛,华北站,冠军,1,宁夏理工学院,聚变新星,,一等奖,https://www.robomaster.com/zh-CN/resource/pages/announcement/1913,rmul_2026_awards,official_current_season_university_league
2026,RMUL,步兵对抗赛,华北站,亚军,2,江西理工大学,乘风,,一等奖,https://www.robomaster.com/zh-CN/resource/pages/announcement/1913,rmul_2026_awards,official_current_season_university_league
2026,RMUL,步兵对抗赛,华北站,季军,3,晋中信息学院,智驭,,一等奖,https://www.robomaster.com/zh-CN/resource/pages/announcement/1913,rmul_2026_awards,official_current_season_university_league
2026,RMUL,步兵对抗赛,华北站,殿军,4,河北师范大学,金钢,,一等奖,https://www.robomaster.com/zh-CN/resource/pages/announcement/1913,rmul_2026_awards,official_current_season_university_league
2026,RMUL,步兵对抗赛,华北站,八强,8,山西机电职业技术学院,筑梦,,二等奖,https://www.robomaster.com/zh-CN/resource/pages/announcement/1913,rmul_2026_awards,official_current_season_university_league
2026,RMUL,步兵对抗赛,华北站,八强,8,清华大学,青云,,二等奖,https://www.robomaster.com/zh-CN/resource/pages/announcement/1913,rmul_2026_awards,official_current_season_university_league
2026,RMUL,步兵对抗赛,华北站,八强,8,天津工业大学,304,,二等奖,https://www.robomaster.com/zh-CN/resource/pages/announcement/1913,rmul_2026_awards,official_current_season_university_league
2026,RMUL,步兵对抗赛,华北站,八强,8,内蒙古大学,KeepRunning,,二等奖,https://www.robomaster.com/zh-CN/resource/pages/announcement/1913,rmul_2026_awards,official_current_season_university_league
2026,RMUL,步兵对抗赛,华北站,十六强,16,河北农业大学,水星迫降,,二等奖,https://www.robomaster.com/zh-CN/resource/pages/announcement/1913,rmul_2026_awards,official_current_season_university_league
2026,RMUL,步兵对抗赛,华北站,十六强,16,北京航空航天大学,Transistor,,二等奖,https://www.robomaster.com/zh-CN/resource/pages/announcement/1913,rmul_2026_awards,official_current_season_university_league
2026,RMUL,步兵对抗赛,华北站,十六强,16,内蒙古师范大学,猛码,,二等奖,https://www.robomaster.com/zh-CN/resource/pages/announcement/1913,rmul_2026_awards,official_current_season_university_league
2026,RMUL,步兵对抗赛,华北站,十六强,16,西安科技大学,秦风,,三等奖,https://www.robomaster.com/zh-CN/resource/pages/announcement/1913,rmul_2026_awards,official_current_season_university_league
2026,RMUL,步兵对抗赛,华北站,十六强,16,新疆大学,小白杨,,三等奖,https://www.robomaster.com/zh-CN/resource/pages/announcement/1913,rmul_2026_awards,official_current_season_university_league
2026,RMUL,步兵对抗赛,华北站,十六强,16,福建农林大学,零七一,,三等奖,https://www.robomaster.com/zh-CN/resource/pages/announcement/1913,rmul_2026_awards,official_current_season_university_league
2026,RMUL,步兵对抗赛,华北站,十六强,16,苏州大学应用技术学院,苏鸾,,三等奖,https://www.robomaster.com/zh-CN/resource/pages/announcement/1913,rmul_2026_awards,official_current_season_university_league
2026,RMUL,步兵对抗赛,华北站,十六强,16,大连民族大学,C·ONE,,三等奖,https://www.robomaster.com/zh-CN/resource/pages/announcement/1913,rmul_2026_awards,official_current_season_university_league
2026,RMUL,步兵对抗赛,华北站,,,郑州大学,中州烛龙,,三等奖,https://www.robomaster.com/zh-CN/resource/pages/announcement/1913,rmul_2026_awards,official_current_season_university_league
2026,RMUL,步兵对抗赛,华北站,,,中国人民警察大学,无畏先锋,,三等奖,https://www.robomaster.com/zh-CN/resource/pages/announcement/1913,rmul_2026_awards,official_current_season_university_league
2026,RMUL,步兵对抗赛,华北站,,,新疆工程学院,金胡杨,,三等奖,https://www.robomaster.com/zh-CN/resource/pages/announcement/1913,rmul_2026_awards,official_current_season_university_league
2026,RMUL,步兵对抗赛,华北站,,,中国民航大学,因特雷,,三等奖,https://www.robomaster.com/zh-CN/resource/pages/announcement/1913,rmul_2026_awards,official_current_season_university_league
2026,RMUL,步兵对抗赛,华北站,,,防灾科技学院,思玄,,三等奖,https://www.robomaster.com/zh-CN/resource/pages/announcement/1913,rmul_2026_awards,official_current_season_university_league
2026,RMUL,步兵对抗赛,华北站,,,山西电子科技学院,燎原,,三等奖,https://www.robomaster.com/zh-CN/resource/pages/announcement/1913,rmul_2026_awards,official_current_season_university_league
2026,RMUL,步兵对抗赛,华北站,,,安阳工学院,天空之翼,,三等奖,https://www.robomaster.com/zh-CN/resource/pages/announcement/1913,rmul_2026_awards,official_current_season_university_league
2026,RMUL,步兵对抗赛,华北站,,,河北大学,直隶机甲,,三等奖,https://www.robomaster.com/zh-CN/resource/pages/announcement/1913,rmul_2026_awards,official_current_season_university_league
2026,RMUL,步兵对抗赛,华北站,,,北京林业大学,森林狼,,三等奖,https://www.robomaster.com/zh-CN/resource/pages/announcement/1913,rmul_2026_awards,official_current_season_university_league
2026,RMUL,步兵对抗赛,华北站,,,呼伦贝尔学院,匠芯,,三等奖,https://www.robomaster.com/zh-CN/resource/pages/announcement/1913,rmul_2026_awards,official_current_season_university_league
2026,RMUL,步兵对抗赛,华北站,,,陆军兵种大学,铁驭,,三等奖,https://www.robomaster.com/zh-CN/resource/pages/announcement/1913,rmul_2026_awards,official_current_season_university_league
2026,RMUL,步兵对抗赛,华北站,,,石河子大学,戈壁明珠,,三等奖,https://www.robomaster.com/zh-CN/resource/pages/announcement/1913,rmul_2026_awards,official_current_season_university_league
2026,RMUL,步兵对抗赛,华北站,,,山西工商学院,TB Power,,三等奖,https://www.robomaster.com/zh-CN/resource/pages/announcement/1913,rmul_2026_awards,official_current_season_university_league
2026,RMUL,工程挑战赛,安徽站,,,珠海科技学院,征途Uprising,,一等奖,https://www.robomaster.com/zh-CN/resource/pages/announcement/1913,rmul_2026_awards,official_current_season_university_league
2026,RMUL,工程挑战赛,安徽站,,,武汉科技大学,崇实,,一等奖,https://www.robomaster.com/zh-CN/resource/pages/announcement/1913,rmul_2026_awards,official_current_season_university_league
2026,RMUL,工程挑战赛,安徽站,,,南昌航空大学,洪鹰,,一等奖,https://www.robomaster.com/zh-CN/resource/pages/announcement/1913,rmul_2026_awards,official_current_season_university_league
2026,RMUL,工程挑战赛,安徽站,,,福州大学,浮舟湿地,,一等奖,https://www.robomaster.com/zh-CN/resource/pages/announcement/1913,rmul_2026_awards,official_current_season_university_league
2026,RMUL,工程挑战赛,安徽站,,,常州机电职业技术学院,棠海电龙,,二等奖,https://www.robomaster.com/zh-CN/resource/pages/announcement/1913,rmul_2026_awards,official_current_season_university_league
2026,RMUL,工程挑战赛,安徽站,,,安徽理工大学,鸿烈,,二等奖,https://www.robomaster.com/zh-CN/resource/pages/announcement/1913,rmul_2026_awards,official_current_season_university_league
2026,RMUL,工程挑战赛,安徽站,,,江西工程学院,天启,,三等奖,https://www.robomaster.com/zh-CN/resource/pages/announcement/1913,rmul_2026_awards,official_current_season_university_league
2026,RMUL,工程挑战赛,安徽站,,,常州大学,Climber,,三等奖,https://www.robomaster.com/zh-CN/resource/pages/announcement/1913,rmul_2026_awards,official_current_season_university_league
2026,RMUL,工程挑战赛,安徽站,,,湖北工业大学,力创RM,,三等奖,https://www.robomaster.com/zh-CN/resource/pages/announcement/1913,rmul_2026_awards,official_current_season_university_league
2026,RMUL,工程挑战赛,安徽站,,,湖北第二师范学院,潜云DGE,,三等奖,https://www.robomaster.com/zh-CN/resource/pages/announcement/1913,rmul_2026_awards,official_current_season_university_league
2026,RMUL,工程挑战赛,安徽站,,,湖北科技学院,机械之心,,优秀奖,https://www.robomaster.com/zh-CN/resource/pages/announcement/1913,rmul_2026_awards,official_current_season_university_league
2026,RMUL,工程挑战赛,安徽站,,,湖南农业大学,Together,,优秀奖,https://www.robomaster.com/zh-CN/resource/pages/announcement/1913,rmul_2026_awards,official_current_season_university_league
2026,RMUL,工程挑战赛,华南站,,,海南大学,南海鲨,,一等奖,https://www.robomaster.com/zh-CN/resource/pages/announcement/1913,rmul_2026_awards,official_current_season_university_league
2026,RMUL,工程挑战赛,华南站,,,广州南方学院,南風,,一等奖,https://www.robomaster.com/zh-CN/resource/pages/announcement/1913,rmul_2026_awards,official_current_season_university_league
2026,RMUL,工程挑战赛,华南站,,,广东海洋大学,浪潮,,一等奖,https://www.robomaster.com/zh-CN/resource/pages/announcement/1913,rmul_2026_awards,official_current_season_university_league
2026,RMUL,工程挑战赛,华南站,,,惠州学院,District 46,,一等奖,https://www.robomaster.com/zh-CN/resource/pages/announcement/1913,rmul_2026_awards,official_current_season_university_league
2026,RMUL,工程挑战赛,华南站,,,广州航海学院,ICBK破冰船,,一等奖,https://www.robomaster.com/zh-CN/resource/pages/announcement/1913,rmul_2026_awards,official_current_season_university_league
2026,RMUL,工程挑战赛,华南站,,,深圳信息职业技术大学,撼龙,,三等奖,https://www.robomaster.com/zh-CN/resource/pages/announcement/1913,rmul_2026_awards,official_current_season_university_league
2026,RMUL,工程挑战赛,华南站,,,广州大学,庆园阁,,三等奖,https://www.robomaster.com/zh-CN/resource/pages/announcement/1913,rmul_2026_awards,official_current_season_university_league
2026,RMUL,工程挑战赛,华南站,,,广东交通职业技术学院,擎天,,优秀奖,https://www.robomaster.com/zh-CN/resource/pages/announcement/1913,rmul_2026_awards,official_current_season_university_league
2026,RMUL,工程挑战赛,华南站,,,华南师范大学,PIONEER,,优秀奖,https://www.robomaster.com/zh-CN/resource/pages/announcement/1913,rmul_2026_awards,official_current_season_university_league
2026,RMUL,工程挑战赛,山东站,,,石家庄铁道大学,铁道兵,,一等奖,https://www.robomaster.com/zh-CN/resource/pages/announcement/1913,rmul_2026_awards,official_current_season_university_league
2026,RMUL,工程挑战赛,山东站,,,山东石油化工学院,FR,,优秀奖,https://www.robomaster.com/zh-CN/resource/pages/announcement/1913,rmul_2026_awards,official_current_season_university_league
2026,RMUL,工程挑战赛,山东站,,,沈阳建筑大学,简锋,,优秀奖,https://www.robomaster.com/zh-CN/resource/pages/announcement/1913,rmul_2026_awards,official_current_season_university_league
2026,RMUL,工程挑战赛,山东站,,,北京交通大学,BNGU,,优秀奖,https://www.robomaster.com/zh-CN/resource/pages/announcement/1913,rmul_2026_awards,official_current_season_university_league
2026,RMUL,工程挑战赛,山东站,,,天津职业技术师范大学,RIEA 津南虎,,优秀奖,https://www.robomaster.com/zh-CN/resource/pages/announcement/1913,rmul_2026_awards,official_current_season_university_league
2026,RMUL,工程挑战赛,东北站,,,辽宁石油化工大学,TCN,,一等奖,https://www.robomaster.com/zh-CN/resource/pages/announcement/1913,rmul_2026_awards,official_current_season_university_league
2026,RMUL,工程挑战赛,东北站,,,北方工业大学,DreamTeam,,一等奖,https://www.robomaster.com/zh-CN/resource/pages/announcement/1913,rmul_2026_awards,official_current_season_university_league
2026,RMUL,工程挑战赛,东北站,,,沈阳化工大学,共心筑梦,,一等奖,https://www.robomaster.com/zh-CN/resource/pages/announcement/1913,rmul_2026_awards,official_current_season_university_league
2026,RMUL,工程挑战赛,东北站,,,沈阳工业大学（辽阳校区）,赫兹矩阵,,二等奖,https://www.robomaster.com/zh-CN/resource/pages/announcement/1913,rmul_2026_awards,official_current_season_university_league
2026,RMUL,工程挑战赛,东北站,,,北京邮电大学,逐雁,,二等奖,https://www.robomaster.com/zh-CN/resource/pages/announcement/1913,rmul_2026_awards,official_current_season_university_league
2026,RMUL,工程挑战赛,东北站,,,中国科学院大学,SAS,,二等奖,https://www.robomaster.com/zh-CN/resource/pages/announcement/1913,rmul_2026_awards,official_current_season_university_league
2026,RMUL,工程挑战赛,东北站,,,长春理工大学,CVIR,,二等奖,https://www.robomaster.com/zh-CN/resource/pages/announcement/1913,rmul_2026_awards,official_current_season_university_league
2026,RMUL,工程挑战赛,东北站,,,长春工业大学,长弓,,优秀奖,https://www.robomaster.com/zh-CN/resource/pages/announcement/1913,rmul_2026_awards,official_current_season_university_league
2026,RMUL,工程挑战赛,东北站,,,空军航空大学,蓝鹰,,优秀奖,https://www.robomaster.com/zh-CN/resource/pages/announcement/1913,rmul_2026_awards,official_current_season_university_league
2026,RMUL,工程挑战赛,东北站,,,大连大学,NIE,,优秀奖,https://www.robomaster.com/zh-CN/resource/pages/announcement/1913,rmul_2026_awards,official_current_season_university_league
2026,RMUL,工程挑战赛,东北站,,,天津理工大学,Nirvana,,优秀奖,https://www.robomaster.com/zh-CN/resource/pages/announcement/1913,rmul_2026_awards,official_current_season_university_league
2026,RMUL,工程挑战赛,东北站,,,沈阳工业大学,DTS,,优秀奖,https://www.robomaster.com/zh-CN/resource/pages/announcement/1913,rmul_2026_awards,official_current_season_university_league
2026,RMUL,工程挑战赛,江苏站,,,江苏大学,Aurora,,一等奖,https://www.robomaster.com/zh-CN/resource/pages/announcement/1913,rmul_2026_awards,official_current_season_university_league
2026,RMUL,工程挑战赛,江苏站,,,江南大学霞客湾校区,SHARK,,一等奖,https://www.robomaster.com/zh-CN/resource/pages/announcement/1913,rmul_2026_awards,official_current_season_university_league
2026,RMUL,工程挑战赛,江苏站,,,武汉大学,珞珈狐,,二等奖,https://www.robomaster.com/zh-CN/resource/pages/announcement/1913,rmul_2026_awards,official_current_season_university_league
2026,RMUL,工程挑战赛,江苏站,,,南京理工大学江阴校区,Combat,,二等奖,https://www.robomaster.com/zh-CN/resource/pages/announcement/1913,rmul_2026_awards,official_current_season_university_league
2026,RMUL,工程挑战赛,江苏站,,,南京大学,鲸麟,,二等奖,https://www.robomaster.com/zh-CN/resource/pages/announcement/1913,rmul_2026_awards,official_current_season_university_league
2026,RMUL,工程挑战赛,江苏站,,,香港浸会大学,Navigator Beta,,二等奖,https://www.robomaster.com/zh-CN/resource/pages/announcement/1913,rmul_2026_awards,official_current_season_university_league
2026,RMUL,工程挑战赛,江苏站,,,浙江师范大学,浙狮,,二等奖,https://www.robomaster.com/zh-CN/resource/pages/announcement/1913,rmul_2026_awards,official_current_season_university_league
2026,RMUL,工程挑战赛,江苏站,,,南京邮电大学,Potential,,三等奖,https://www.robomaster.com/zh-CN/resource/pages/announcement/1913,rmul_2026_awards,official_current_season_university_league
2026,RMUL,工程挑战赛,江苏站,,,南通大学,NSE,,三等奖,https://www.robomaster.com/zh-CN/resource/pages/announcement/1913,rmul_2026_awards,official_current_season_university_league
2026,RMUL,工程挑战赛,江苏站,,,西交利物浦大学,GMaster,,三等奖,https://www.robomaster.com/zh-CN/resource/pages/announcement/1913,rmul_2026_awards,official_current_season_university_league
2026,RMUL,工程挑战赛,江苏站,,,常州工学院,FA,,优秀奖,https://www.robomaster.com/zh-CN/resource/pages/announcement/1913,rmul_2026_awards,official_current_season_university_league
2026,RMUL,工程挑战赛,江苏站,,,集美大学,科来,,优秀奖,https://www.robomaster.com/zh-CN/resource/pages/announcement/1913,rmul_2026_awards,official_current_season_university_league
2026,RMUL,工程挑战赛,江苏站,,,南通理工学院,紫琅,,优秀奖,https://www.robomaster.com/zh-CN/resource/pages/announcement/1913,rmul_2026_awards,official_current_season_university_league
2026,RMUL,工程挑战赛,江苏站,,,厦门大学,RCS,,优秀奖,https://www.robomaster.com/zh-CN/resource/pages/announcement/1913,rmul_2026_awards,official_current_season_university_league
2026,RMUL,工程挑战赛,江苏站,,,文华学院,MSE STAR,,优秀奖,https://www.robomaster.com/zh-CN/resource/pages/announcement/1913,rmul_2026_awards,official_current_season_university_league
2026,RMUL,工程挑战赛,重庆站,,,火箭军工程大学,东风,,一等奖,https://www.robomaster.com/zh-CN/resource/pages/announcement/1913,rmul_2026_awards,official_current_season_university_league
2026,RMUL,工程挑战赛,重庆站,,,新加坡国立大学,Calibur,,一等奖,https://www.robomaster.com/zh-CN/resource/pages/announcement/1913,rmul_2026_awards,official_current_season_university_league
2026,RMUL,工程挑战赛,重庆站,,,桂林电子科技大学北海校区,破浪笃行,,二等奖,https://www.robomaster.com/zh-CN/resource/pages/announcement/1913,rmul_2026_awards,official_current_season_university_league
2026,RMUL,工程挑战赛,重庆站,,,湖南科技大学,尘埃,,二等奖,https://www.robomaster.com/zh-CN/resource/pages/announcement/1913,rmul_2026_awards,official_current_season_university_league
2026,RMUL,工程挑战赛,重庆站,,,茅台学院,MTI,,二等奖,https://www.robomaster.com/zh-CN/resource/pages/announcement/1913,rmul_2026_awards,official_current_season_university_league
2026,RMUL,工程挑战赛,重庆站,,,长江大学,探索者,,二等奖,https://www.robomaster.com/zh-CN/resource/pages/announcement/1913,rmul_2026_awards,official_current_season_university_league
2026,RMUL,工程挑战赛,重庆站,,,北部湾大学,飞虎,,优秀奖,https://www.robomaster.com/zh-CN/resource/pages/announcement/1913,rmul_2026_awards,official_current_season_university_league
2026,RMUL,工程挑战赛,重庆站,,,贵州大学,printk,,优秀奖,https://www.robomaster.com/zh-CN/resource/pages/announcement/1913,rmul_2026_awards,official_current_season_university_league
2026,RMUL,工程挑战赛,重庆站,,,西南大学,GKD,,优秀奖,https://www.robomaster.com/zh-CN/resource/pages/announcement/1913,rmul_2026_awards,official_current_season_university_league
2026,RMUL,工程挑战赛,上海站,,,西浦创业家学院（太仓）,OmniX,,一等奖,https://www.robomaster.com/zh-CN/resource/pages/announcement/1913,rmul_2026_awards,official_current_season_university_league
2026,RMUL,工程挑战赛,上海站,,,复旦大学,星云EGA,,一等奖,https://www.robomaster.com/zh-CN/resource/pages/announcement/1913,rmul_2026_awards,official_current_season_university_league
2026,RMUL,工程挑战赛,上海站,,,杭州电子科技大学,PHOENIX,,二等奖,https://www.robomaster.com/zh-CN/resource/pages/announcement/1913,rmul_2026_awards,official_current_season_university_league
2026,RMUL,工程挑战赛,上海站,,,北师香港浸会大学,Navigator Alpha,,二等奖,https://www.robomaster.com/zh-CN/resource/pages/announcement/1913,rmul_2026_awards,official_current_season_university_league
2026,RMUL,工程挑战赛,上海站,,,上海大学,SRM,,二等奖,https://www.robomaster.com/zh-CN/resource/pages/announcement/1913,rmul_2026_awards,official_current_season_university_league
2026,RMUL,工程挑战赛,上海站,,,上海电力大学,灵晔Lightning,,三等奖,https://www.robomaster.com/zh-CN/resource/pages/announcement/1913,rmul_2026_awards,official_current_season_university_league
2026,RMUL,工程挑战赛,上海站,,,浙江理工大学,钱塘蛟,,三等奖,https://www.robomaster.com/zh-CN/resource/pages/announcement/1913,rmul_2026_awards,official_current_season_university_league
2026,RMUL,工程挑战赛,上海站,,,闽江学院,赤源机甲,,三等奖,https://www.robomaster.com/zh-CN/resource/pages/announcement/1913,rmul_2026_awards,official_current_season_university_league
2026,RMUL,工程挑战赛,上海站,,,浙江大学伊利诺伊大学厄巴纳香槟校区联合学院,Meta,,优秀奖,https://www.robomaster.com/zh-CN/resource/pages/announcement/1913,rmul_2026_awards,official_current_season_university_league
2026,RMUL,工程挑战赛,上海站,,,集美大学诚毅学院,潜渊,,优秀奖,https://www.robomaster.com/zh-CN/resource/pages/announcement/1913,rmul_2026_awards,official_current_season_university_league
2026,RMUL,工程挑战赛,上海站,,,苏州工学院,Restar,,优秀奖,https://www.robomaster.com/zh-CN/resource/pages/announcement/1913,rmul_2026_awards,official_current_season_university_league
2026,RMUL,工程挑战赛,四川站,,,河南科技大学,鼎行双创,,一等奖,https://www.robomaster.com/zh-CN/resource/pages/announcement/1913,rmul_2026_awards,official_current_season_university_league
2026,RMUL,工程挑战赛,四川站,,,华南师范大学（佛山校区）,VANGUARD,,一等奖,https://www.robomaster.com/zh-CN/resource/pages/announcement/1913,rmul_2026_awards,official_current_season_university_league
2026,RMUL,工程挑战赛,四川站,,,昆明理工大学津桥学院,Courage,,一等奖,https://www.robomaster.com/zh-CN/resource/pages/announcement/1913,rmul_2026_awards,official_current_season_university_league
2026,RMUL,工程挑战赛,四川站,,,成都工业学院,涉科赛思,,二等奖,https://www.robomaster.com/zh-CN/resource/pages/announcement/1913,rmul_2026_awards,official_current_season_university_league
2026,RMUL,工程挑战赛,四川站,,,广东工商职业技术大学,Alistun,,二等奖,https://www.robomaster.com/zh-CN/resource/pages/announcement/1913,rmul_2026_awards,official_current_season_university_league
2026,RMUL,工程挑战赛,四川站,,,贵州师范大学,CEC,,二等奖,https://www.robomaster.com/zh-CN/resource/pages/announcement/1913,rmul_2026_awards,official_current_season_university_league
2026,RMUL,工程挑战赛,四川站,,,武汉理工大学,PRIME,,二等奖,https://www.robomaster.com/zh-CN/resource/pages/announcement/1913,rmul_2026_awards,official_current_season_university_league
2026,RMUL,工程挑战赛,四川站,,,电子科技大学成都学院,微城市,,三等奖,https://www.robomaster.com/zh-CN/resource/pages/announcement/1913,rmul_2026_awards,official_current_season_university_league
2026,RMUL,工程挑战赛,四川站,,,西南民族大学,新竹,,三等奖,https://www.robomaster.com/zh-CN/resource/pages/announcement/1913,rmul_2026_awards,official_current_season_university_league
2026,RMUL,工程挑战赛,四川站,,,中山大学,Venom,,三等奖,https://www.robomaster.com/zh-CN/resource/pages/announcement/1913,rmul_2026_awards,official_current_season_university_league
2026,RMUL,工程挑战赛,四川站,,,广西师范大学,虎师,,优秀奖,https://www.robomaster.com/zh-CN/resource/pages/announcement/1913,rmul_2026_awards,official_current_season_university_league
2026,RMUL,工程挑战赛,四川站,,,深圳北理莫斯科大学,北极熊,,优秀奖,https://www.robomaster.com/zh-CN/resource/pages/announcement/1913,rmul_2026_awards,official_current_season_university_league
2026,RMUL,工程挑战赛,四川站,,,香港大学,HerKules,,优秀奖,https://www.robomaster.com/zh-CN/resource/pages/announcement/1913,rmul_2026_awards,official_current_season_university_league
2026,RMUL,工程挑战赛,四川站,,,香港中文大学（深圳）,过岗龙,,优秀奖,https://www.robomaster.com/zh-CN/resource/pages/announcement/1913,rmul_2026_awards,official_current_season_university_league
2026,RMUL,工程挑战赛,四川站,,,新疆农业大学,天山机甲者,,优秀奖,https://www.robomaster.com/zh-CN/resource/pages/announcement/1913,rmul_2026_awards,official_current_season_university_league
2026,RMUL,工程挑战赛,华北站,,,江西理工大学,乘风,,一等奖,https://www.robomaster.com/zh-CN/resource/pages/announcement/1913,rmul_2026_awards,official_current_season_university_league
2026,RMUL,工程挑战赛,华北站,,,太原科技大学,NewMaker,,一等奖,https://www.robomaster.com/zh-CN/resource/pages/announcement/1913,rmul_2026_awards,official_current_season_university_league
2026,RMUL,工程挑战赛,华北站,,,西安科技大学,秦风,,一等奖,https://www.robomaster.com/zh-CN/resource/pages/announcement/1913,rmul_2026_awards,official_current_season_university_league
2026,RMUL,工程挑战赛,华北站,,,北京工业大学,PIP,,二等奖,https://www.robomaster.com/zh-CN/resource/pages/announcement/1913,rmul_2026_awards,official_current_season_university_league
2026,RMUL,工程挑战赛,华北站,,,北京航空航天大学,Transistor,,二等奖,https://www.robomaster.com/zh-CN/resource/pages/announcement/1913,rmul_2026_awards,official_current_season_university_league
2026,RMUL,工程挑战赛,华北站,,,河北大学,直隶机甲,,二等奖,https://www.robomaster.com/zh-CN/resource/pages/announcement/1913,rmul_2026_awards,official_current_season_university_league
2026,RMUL,工程挑战赛,华北站,,,清华大学,青云,,二等奖,https://www.robomaster.com/zh-CN/resource/pages/announcement/1913,rmul_2026_awards,official_current_season_university_league
2026,RMUL,工程挑战赛,华北站,,,新疆大学,小白杨,,二等奖,https://www.robomaster.com/zh-CN/resource/pages/announcement/1913,rmul_2026_awards,official_current_season_university_league
2026,RMUL,工程挑战赛,华北站,,,内蒙古科技大学,雷霆,,二等奖,https://www.robomaster.com/zh-CN/resource/pages/announcement/1913,rmul_2026_awards,official_current_season_university_league
2026,RMUL,工程挑战赛,华北站,,,大连民族大学,C·ONE,,三等奖,https://www.robomaster.com/zh-CN/resource/pages/announcement/1913,rmul_2026_awards,official_current_season_university_league
2026,RMUL,工程挑战赛,华北站,,,苏州大学应用技术学院,苏鸾,,三等奖,https://www.robomaster.com/zh-CN/resource/pages/announcement/1913,rmul_2026_awards,official_current_season_university_league
2026,RMUL,工程挑战赛,华北站,,,新疆工程学院,金胡杨,,三等奖,https://www.robomaster.com/zh-CN/resource/pages/announcement/1913,rmul_2026_awards,official_current_season_university_league
2026,RMUL,工程挑战赛,华北站,,,中国民航大学,因特雷,,三等奖,https://www.robomaster.com/zh-CN/resource/pages/announcement/1913,rmul_2026_awards,official_current_season_university_league
2026,RMUL,工程挑战赛,华北站,,,中国人民警察大学,无畏先锋,,三等奖,https://www.robomaster.com/zh-CN/resource/pages/announcement/1913,rmul_2026_awards,official_current_season_university_league
2026,RMUL,工程挑战赛,华北站,,,内蒙古师范大学,猛码,,三等奖,https://www.robomaster.com/zh-CN/resource/pages/announcement/1913,rmul_2026_awards,official_current_season_university_league
2026,RMUL,工程挑战赛,华北站,,,北京林业大学,森林狼,,优秀奖,https://www.robomaster.com/zh-CN/resource/pages/announcement/1913,rmul_2026_awards,official_current_season_university_league
2026,RMUL,工程挑战赛,华北站,,,福建农林大学,零七一,,优秀奖,https://www.robomaster.com/zh-CN/resource/pages/announcement/1913,rmul_2026_awards,official_current_season_university_league
2026,RMUL,工程挑战赛,华北站,,,河北师范大学,金钢,,优秀奖,https://www.robomaster.com/zh-CN/resource/pages/announcement/1913,rmul_2026_awards,official_current_season_university_league
2026,RMUL,工程挑战赛,华北站,,,石河子大学,戈壁明珠,,优秀奖,https://www.robomaster.com/zh-CN/resource/pages/announcement/1913,rmul_2026_awards,official_current_season_university_league
2026,RMUL,工程挑战赛,华北站,,,天津工业大学,304,,优秀奖,https://www.robomaster.com/zh-CN/resource/pages/announcement/1913,rmul_2026_awards,official_current_season_university_league
2026,RMUL,工程挑战赛,华北站,,,郑州大学,中州烛龙,,优秀奖,https://www.robomaster.com/zh-CN/resource/pages/announcement/1913,rmul_2026_awards,official_current_season_university_league
